customer_id,name,email,city,country
1,Dawn Pearson,lindseyhoward@example.org,Jonesborough,Macao
2,Jeffrey Proctor,middletonangela@example.net,East April,Brunei Darussalam
3,Megan Lewis,schroedermargaret@example.net,Charleschester,Liberia
4,Lisa Jones,cynthia92@example.net,Saratown,Ireland
5,Steven Nelson,kellersteve@example.net,New Nicoleshire,Luxembourg
6,Ashley Crosby,kevinmartinez@example.org,Jillstad,Antigua and Barbuda
7,Diane Moore,onealeileen@example.net,South Davidtown,Cayman Islands
8,Kimberly Jenkins,danielle14@example.org,Amandamouth,Wallis and Futuna
9,Dave Riggs,fporter@example.net,Ryanton,Reunion
10,William Gomez,justinbecker@example.com,Woodsburgh,Gabon
11,Daniel Parks,icox@example.net,New Kimberlyside,United Arab Emirates
12,Angela White,davisdavid@example.org,North Williambury,Liechtenstein
13,Amy Ortiz,stricklandyvonne@example.com,Port Jeffery,Argentina
14,Andrew Thomas,martha46@example.org,Ashleyfort,New Caledonia
15,Nichole Lopez,heather33@example.net,West Johnton,Finland
16,Jennifer Parker,matthew83@example.org,Lake Lisa,Andorra
17,Donald Howard,barrysteven@example.com,Bradleystad,Guinea
18,Brooke Carr,sholden@example.org,Millerland,Tonga
19,Kristina Flores,osbornbethany@example.org,Suzannebury,Saint Kitts and Nevis
20,Sarah Robertson,krystalbradshaw@example.org,South Christopherport,Andorra
21,Kelly Jones,huangmichelle@example.org,Patrickland,Panama
22,Jenny Hampton,cramirez@example.net,West Brookechester,Nicaragua
23,Heather Lopez,davidalexander@example.net,Andreaview,Vanuatu
24,Charles Reynolds,biancamckay@example.com,Valerieside,Antigua and Barbuda
25,Jeff Martinez,ephillips@example.com,West Christopher,Sweden
26,Joel Sims,anthonyadams@example.net,Michaelview,Mali
27,Tracy Russell,anthony77@example.net,Johnberg,Bouvet Island (Bouvetoya)
28,Barry Beltran,deleonedward@example.net,South James,Togo
29,Lisa Perez,christophercollins@example.org,Nelsonberg,Cayman Islands
30,Amy Sanchez,larry68@example.net,North Kevinton,South Africa
31,Jillian Wright,curtislopez@example.com,Philipmouth,Italy
32,Charles Sullivan,john92@example.com,Cookhaven,Latvia
33,Jamie Glenn,teresarios@example.org,Kimberlybury,Paraguay
34,Jason Jones,yvonne31@example.com,Williamsport,Cook Islands
35,Elizabeth Webster MD,zavalachristopher@example.net,Greenhaven,Nigeria
36,Pamela Christensen,watsonwilliam@example.com,South Amyland,Dominican Republic
37,Jeffery Gardner,larsonjeffrey@example.com,Rogertown,Turkmenistan
38,Michael Mcdowell,kevindavis@example.org,East Jacobstad,Slovenia
39,George Evans,chawkins@example.org,East Georgemouth,Guinea-Bissau
40,Kristen Schmitt,christopher45@example.org,Catherinebury,Bermuda
41,Ashley Murphy,vhubbard@example.com,West Vanessa,Eritrea
42,April Espinoza,sanchezstephanie@example.org,Port Scott,Saint Vincent and the Grenadines
43,Taylor Cox,wgross@example.net,Lake Johnbury,Austria
44,Charles Mckinney,christian15@example.net,Port Jessica,Kenya
45,Brittany Payne,chad05@example.org,Alyssaview,Saint Helena
46,Anthony Baker,amber03@example.com,East Lisaton,Slovenia
47,Katelyn Rodriguez,harrisdeborah@example.org,Port David,Argentina
48,Joshua Gray,wardchristine@example.org,West Christopherfort,Guernsey
49,Roy Brown,ikeith@example.com,West Kimberlychester,Slovenia
50,Pamela Miller,jessica64@example.com,Gibsonport,Montenegro
51,Kyle Shields,fjensen@example.org,East Brandon,Bouvet Island (Bouvetoya)
52,Michael Clark DDS,lawsonbrendan@example.net,East Sheenaport,Lesotho
53,Destiny Chambers,melissa79@example.net,Johnsonburgh,Saint Barthelemy
54,Justin Williams,gchung@example.org,South Donaldfort,Cote d'Ivoire
55,Angela Wallace,kimberlyfernandez@example.com,Medinamouth,Fiji
56,Amy Myers,curtisaaron@example.org,East Brianchester,Japan
57,Ashley Miller,callahanthomas@example.com,Thomasfort,Turkey
58,Alan Collins,juareztimothy@example.org,Emilyborough,Costa Rica
59,Christopher Love,sherryhill@example.com,Edwardsburgh,Montenegro
60,Mark Chen,michaellopez@example.net,Justinstad,Costa Rica
61,John Herrera,hwilliams@example.com,East Vickieview,Greece
62,John Hicks,ovillarreal@example.com,New Emily,Rwanda
63,Juan Eaton,umerritt@example.com,Matthewport,Qatar
64,Austin Burgess,amber51@example.org,Lake Destinytown,Belgium
65,Brian Richardson,lindsey57@example.net,East John,Hong Kong
66,Evelyn Brown,jonesantonio@example.org,South Eric,Gabon
67,Brian Jones,rhonda37@example.org,Lake Donnaview,Costa Rica
68,Karen Dunn MD,ohill@example.com,Jimenezport,Northern Mariana Islands
69,Alexis Krueger,kristinawells@example.com,Lake Dustin,Gabon
70,Erica Bishop,austinhamilton@example.org,Cynthiaview,Libyan Arab Jamahiriya
71,Dana Grimes,robert20@example.net,West Ericmouth,Ireland
72,Rachel Washington DDS,zbanks@example.org,West Shannonmouth,Reunion
73,Sarah Hancock,andersonkathleen@example.net,South Kathy,Mauritania
74,Mr. Steven Webster,qcox@example.org,Ryanborough,Singapore
75,Daniel Smith Jr.,davidholmes@example.net,Vasquezview,Afghanistan
76,Tracy Williams,ybecker@example.com,Wrightton,Sierra Leone
77,Michelle Freeman,marknorris@example.com,West Michael,French Polynesia
78,Jose Mitchell,jamescastillo@example.net,Prattchester,Japan
79,Joe Graham,lukeyang@example.com,East Catherinemouth,Sao Tome and Principe
80,John Jones,fpage@example.com,Norrisport,Kuwait
81,Clayton Cox,youngdaniel@example.org,Robinville,Japan
82,Lisa Harris,efoster@example.com,Davidburgh,Cape Verde
83,Emily Vega,williamperez@example.com,Amyberg,Singapore
84,Nicholas Ramirez,daniel93@example.com,Ryanborough,Bouvet Island (Bouvetoya)
85,Jennifer Hudson,molly36@example.net,Lake Dianetown,Bosnia and Herzegovina
86,Erica Deleon DVM,tylerharding@example.com,West Jasmineburgh,Tokelau
87,Courtney West,fdean@example.org,Michaeltown,Lesotho
88,Patricia Johnson,ltodd@example.org,East Aaronside,Vietnam
89,Julie Gill,codyjones@example.net,Port Michaelstad,Iceland
90,Abigail Bowen,vortiz@example.net,Audreyland,Saint Martin
91,Melissa Bailey,hannahmaxwell@example.net,South Joel,China
92,Adam Jones,apage@example.com,Port Raymond,Antarctica (the territory South of 60 deg S)
93,Sean Nguyen,henry73@example.net,East Donaldshire,Mauritius
94,Jennifer Zimmerman,diana85@example.net,New Nicholasmouth,Ecuador
95,David James,sabrina62@example.com,Lake Thomasstad,El Salvador
96,Jeffrey Martinez,petersonholly@example.net,Lake Kelly,Morocco
97,Kimberly Murphy,timothy22@example.net,Port Michellefort,Reunion
98,Heather Jefferson,xcain@example.com,Lake Justinland,Malaysia
99,Sean Lee,ahernandez@example.net,Garyfurt,Jordan
100,Andrew Heath,beckertimothy@example.org,Lake Pamelafurt,Maldives
101,Danielle Greer,matthewstephens@example.com,Wangville,North Macedonia
102,Victoria Figueroa,vzimmerman@example.org,Fisherside,Antarctica (the territory South of 60 deg S)
103,Briana Torres,caldwelllaura@example.com,Gravesville,French Guiana
104,Ronald Silva,melaniereed@example.net,Danielsborough,Kyrgyz Republic
105,Meghan Ford,valentinemichael@example.org,Lake Michaelview,Gambia
106,Angela Rhodes,nkeller@example.org,East Francis,Bulgaria
107,Rebecca Moore,hjones@example.com,Daniellefurt,Jamaica
108,Marie Harrington,joannadiaz@example.com,Lopezfort,Switzerland
109,Ricky Coleman,carlosnguyen@example.com,Francoborough,Lao People's Democratic Republic
110,Christine Anthony,whouse@example.org,North Jesse,Bermuda
111,Justin Wheeler,irwingregory@example.com,Ryanmouth,Ecuador
112,Laura Brown,miakemp@example.com,Monicabury,Barbados
113,Diana Singleton,rodriguezzachary@example.net,Erikmouth,Palau
114,Gail Snow,michellemorris@example.org,New Harold,Mexico
115,Jeremy Berry,garciatyler@example.org,Crystalshire,Niger
116,Steven Ibarra,zmorrison@example.org,Castilloside,Greenland
117,Kimberly Holland,davisgabriel@example.net,New Elizabeth,Ukraine
118,Veronica Berry,mpierce@example.org,Valencialand,Iran
119,Lisa Robbins,dbuckley@example.com,Hoffmanbury,Colombia
120,Monique Cohen,flowerselizabeth@example.org,Baileyton,Norfolk Island
121,Justin Obrien,oowens@example.com,East Michael,Turkey
122,Scott Rodriguez,anthonyhensley@example.org,Smithberg,Sri Lanka
123,John Dawson,makayla10@example.com,West Adamfurt,Malawi
124,Donna Allen,leslie32@example.com,Estradafort,Malta
125,Kyle Lopez,gharrington@example.net,Smithburgh,British Indian Ocean Territory (Chagos Archipelago)
126,Alicia Rocha,raymond19@example.net,Lake Williamtown,Albania
127,Chelsea Curtis,darin82@example.com,West Phillipside,Moldova
128,Gordon Kemp PhD,leahcarr@example.com,Millershire,Kazakhstan
129,David Cole,matthew33@example.org,Christinaton,Denmark
130,Amber Reyes,leslie01@example.net,Boylefurt,Saudi Arabia
131,Ann Clark,madison93@example.com,East Julie,Belize
132,Joe Macdonald,jamesstein@example.net,West Andrewfurt,Papua New Guinea
133,Felicia Thomas,kelly82@example.org,Kathrynhaven,Kiribati
134,Doris Miller,john49@example.org,New Mark,Croatia
135,Kevin Sherman,cowens@example.org,Jonathanside,Cocos (Keeling) Islands
136,Danielle Garcia,reneepreston@example.net,Stephenfort,Ukraine
137,Shannon Park,zgould@example.org,Elizabethside,Tanzania
138,Leah Schneider,daniel72@example.net,Tracystad,Latvia
139,Donna Gibson,crystal80@example.com,Moniqueview,Monaco
140,Lauren Stevens,courtney77@example.net,Lake Raymondstad,Timor-Leste
141,Kevin Nash,xgonzalez@example.net,North Joy,Italy
142,Raymond Turner,stuartstewart@example.net,Ramirezland,United Arab Emirates
143,Katherine Gibson,sheila94@example.org,Matthewhaven,Fiji
144,Elizabeth Salas,nancy83@example.net,Port Todd,Nicaragua
145,Mindy Pearson,yhall@example.org,Longshire,Bulgaria
146,Phillip Moore,hensonian@example.net,South Jacquelineton,Western Sahara
147,Michael Cook,charles64@example.org,Trevorberg,Malaysia
148,Jonathan Blackwell,huynhjerome@example.org,East Ashley,Spain
149,Dorothy Goodwin,steven47@example.org,South Peter,Benin
150,Mary Martinez,erinlee@example.com,Michaelborough,Saint Pierre and Miquelon
151,John Santiago,tschmidt@example.net,Debbieport,Sweden
152,Andrew Cruz,beasleyelizabeth@example.org,Scottfurt,Central African Republic
153,Jacob Howell,qnorman@example.org,North Allison,Madagascar
154,Megan Nguyen,leonard39@example.com,South Lisatown,Taiwan
155,Connor Hess,angel98@example.org,New Natalieville,Saint Vincent and the Grenadines
156,Kerry Martinez,rodney42@example.net,Edwardmouth,Saint Vincent and the Grenadines
157,Lisa Greer,rsherman@example.org,Lake Amberstad,United States of America
158,Thomas Ramirez III,amberadams@example.org,Jonport,Saint Helena
159,Mrs. Amy Carr,justinpage@example.com,Lopezhaven,Switzerland
160,Nicole Williamson,brittanyadams@example.org,East Lauraville,United Arab Emirates
161,Marissa Thompson,ksmith@example.org,Lake Alex,United States Minor Outlying Islands
162,Samantha Jones,moorejacob@example.com,New Georgeshire,Egypt
163,Christine Perez,zwilliams@example.net,Nicoleborough,Russian Federation
164,Caitlin Mccullough,griffinjennifer@example.com,North James,Saint Barthelemy
165,Lisa Davis,xcampbell@example.org,Lake Dianamouth,Kyrgyz Republic
166,Sarah Bishop,ryan15@example.org,Port Shelley,Algeria
167,Daniel Mitchell,fieldstroy@example.org,North Carlamouth,Luxembourg
168,Gabriel Mathis,bbentley@example.org,Jeremyburgh,Honduras
169,Michael Smith,baileykatherine@example.net,South Timmouth,Philippines
170,Elizabeth Ross,kentrichard@example.net,West Jonathan,Portugal
171,Wendy Williams,wkennedy@example.com,North Alyssa,New Caledonia
172,Jessica Henderson,morashawn@example.com,South Eugene,Cayman Islands
173,Troy Willis DVM,allencarol@example.com,Port Richardport,Afghanistan
174,Roy Weaver,lisaskinner@example.net,South Traceychester,Vanuatu
175,James Thomas,jenny20@example.org,East Jessicaberg,Bermuda
176,Deborah Harris,michaeladams@example.org,East Patricia,Guam
177,Michael Gutierrez,tiffanygray@example.net,Saundersville,Christmas Island
178,Juan Odonnell,fmcintosh@example.com,Martinezhaven,Cote d'Ivoire
179,Matthew Fitzgerald,wkelley@example.com,Youngstad,Korea
180,Wesley Meadows,bpearson@example.com,Brownville,Norway
181,Eric Williams,todd69@example.net,South Davidview,Equatorial Guinea
182,Brittany Sanders,denisegarcia@example.org,East Elizabethburgh,Tokelau
183,Kimberly Khan,julia48@example.org,North George,United States of America
184,Jessica Miller,butlerbrian@example.org,Jennifermouth,Ireland
185,Marcia Flores,julietran@example.org,Rodgershaven,Oman
186,Jason Davis,lindamalone@example.org,South Edward,Bhutan
187,Jerry Curry,clairekim@example.net,North Davidburgh,Slovenia
188,Nancy Chen,jennifer36@example.org,Lake Michael,Netherlands
189,Danielle Young,bhorn@example.net,Alexanderburgh,Angola
190,Megan Mendoza,adkinsmaria@example.net,Lake Joshua,Antigua and Barbuda
191,Rhonda Diaz,amber25@example.com,North Amandahaven,Swaziland
192,Brittany Reese,cbrooks@example.org,West Jose,Antarctica (the territory South of 60 deg S)
193,Jason Walker,odonnellrenee@example.com,Riveraville,Romania
194,William Montoya,tross@example.com,Gibbston,Panama
195,Kathleen Crawford,wesley09@example.net,Sarahstad,Myanmar
196,Elizabeth Brown,mckeebradley@example.org,Michaelshire,Qatar
197,Donald Schmidt Jr.,jerrywebb@example.org,Lake Wendy,Croatia
198,Parker Campbell,jakebeck@example.net,Lake Benjamin,Monaco
199,John Nelson,beckerjavier@example.com,West Daniel,Japan
200,Susan Duran,xjenkins@example.com,East Carlton,Zambia
201,Dawn Dixon,cheyennelarson@example.net,South Markmouth,Bahrain
202,Mark Mueller,ryanwilliams@example.org,Michelleberg,Cayman Islands
203,Melissa Price,brenda44@example.com,North Catherine,Ukraine
204,Dakota Nguyen,ocoleman@example.com,East Yolandaton,Jordan
205,Stacy Wheeler,corey95@example.net,Palmermouth,Korea
206,Dr. Thomas Perkins,gmarsh@example.net,Port James,Trinidad and Tobago
207,Sarah Pierce,nhill@example.org,Pattersonfurt,Congo
208,Derek Rodriguez,ramirezwilliam@example.com,Colemanhaven,Senegal
209,Shannon Evans,dcortez@example.com,Tyronefort,Mexico
210,Thomas Lee,kellywilliams@example.com,West Angel,Albania
211,Jessica Cook,marisa46@example.org,Franklinshire,United States Minor Outlying Islands
212,Elizabeth Nash,makayladunn@example.org,Amandachester,Vanuatu
213,Kathleen Moss,nicholas82@example.com,Jessemouth,Namibia
214,Stephanie Bush,mezalisa@example.com,North Ashleyside,India
215,Denise Moore,qclark@example.com,Mackview,Croatia
216,Richard Edwards,luis21@example.net,Bentleytown,Gambia
217,Jeremy Nelson,tboyle@example.net,Ricebury,Mayotte
218,Nicholas Hammond,ellisfrancisco@example.net,Lake Tyler,United Kingdom
219,Kim Moore DDS,hallcharles@example.net,Lake Richardberg,Ethiopia
220,Steven Vazquez,schultzsandra@example.com,Ericburgh,Liberia
221,Levi Robinson,nhaynes@example.com,Port Patriciaville,Wallis and Futuna
222,Christine Anderson,simmonstyler@example.net,Kimberlybury,Sweden
223,Jesse Freeman,kevinharrison@example.org,North Jamieton,France
224,Rodney Perkins IV,frank85@example.org,New Paul,United States Minor Outlying Islands
225,Travis Crawford,dorothyturner@example.com,New Kelseyborough,Uzbekistan
226,Warren Wilson,kyle28@example.net,North Austin,Belize
227,Curtis Williams,torresrandall@example.org,South Jasmine,Denmark
228,Jill Ramirez,sara22@example.org,Scotthaven,Yemen
229,Sarah Smith,bryanmoore@example.net,Cynthiashire,Pitcairn Islands
230,Jamie Bradley,ndunn@example.org,Lake Janiceborough,Chile
231,Jennifer Turner,dannycruz@example.net,Danielport,Mauritania
232,Latoya Brown,atkinsstacy@example.net,Port Tim,Seychelles
233,Dr. Shawn Carter,gonzalezmelinda@example.net,Alexanderview,Cuba
234,Courtney Harris,kayla81@example.org,New Markton,Dominican Republic
235,Matthew Sampson,samantha77@example.com,East Ryanfurt,Ghana
236,Ashley Peterson,millerrebecca@example.net,Michelleburgh,Anguilla
237,Susan Beasley,matthewdelgado@example.org,East Brianna,Gabon
238,Rachel Chung,marshchristopher@example.org,Port Paul,Bulgaria
239,Heather Cooper,michaelrivas@example.net,Port Sherry,Australia
240,Daniel Simmons,ashleystephen@example.org,East Garyborough,Finland
241,Catherine Francis,luistran@example.com,Dunlapside,Nigeria
242,Nicole Gray,williamsmatthew@example.net,Saraberg,Netherlands Antilles
243,Adam Harris,brianhobbs@example.net,Adriennefurt,Honduras
244,Vanessa Howard,benjaminharris@example.org,Harrishaven,Montserrat
245,Keith May,taylorstacy@example.org,Robertmouth,Hong Kong
246,Sandra Williams,eugene94@example.org,Mollychester,Croatia
247,Kathy Gray,mooreryan@example.com,Brownburgh,Turkmenistan
248,Madeline Mckinney,james54@example.org,South Benjamin,Kuwait
249,William Flores,rebeccasnyder@example.net,Port Carrie,Saudi Arabia
250,Gina Richards,thomaskelly@example.org,North Scottchester,Trinidad and Tobago
251,Albert Foster,pjenkins@example.org,North Christopher,Belize
252,Elizabeth Conley,arellanomary@example.com,Carlaburgh,Lesotho
253,Scott Morrison,peggyharvey@example.org,West Terri,Vanuatu
254,Christopher Mendoza,millerjackson@example.net,Bullockburgh,Taiwan
255,Kyle Sutton,kevinrojas@example.net,South Susanstad,Cocos (Keeling) Islands
256,Sharon Sampson,iwilliams@example.net,Smithside,Antarctica (the territory South of 60 deg S)
257,Sharon Allen,kaitlyn72@example.com,Wilsonburgh,Vietnam
258,Corey Moore,paulsalazar@example.com,West David,Norway
259,Julie Wiggins,rstewart@example.net,West Samuelhaven,Libyan Arab Jamahiriya
260,Christina Young,stevenshepherd@example.org,Lake Markport,San Marino
261,Amanda Merritt,walterskatie@example.com,Nelsontown,Saint Vincent and the Grenadines
262,Dennis Oneill,rodriguezwilliam@example.org,West William,Gambia
263,Tracy Dickson,ryanmurphy@example.com,West Sarahview,El Salvador
264,Teresa Jones,michelle02@example.net,Murillohaven,Algeria
265,Mark Gonzales,rodriguezduane@example.com,East Alexaburgh,Niger
266,Melissa White,gail39@example.net,South Derek,Netherlands
267,Ana Simpson,ibrown@example.org,Port Patrick,Brunei Darussalam
268,Dana Taylor,marygreen@example.com,Derekmouth,Equatorial Guinea
269,Kara Herman,crose@example.org,West Michele,Sudan
270,Kristen Terrell,bthompson@example.org,Pattersonhaven,Holy See (Vatican City State)
271,Douglas Smith,wagnerdeborah@example.com,Lake Jefferymouth,Bhutan
272,Dawn Allen,chadstokes@example.org,Clarkland,Ethiopia
273,Noah Ho,uwheeler@example.com,West Kimberly,Azerbaijan
274,Barbara Yang,jaimepalmer@example.org,Lake Sarah,Faroe Islands
275,Ashley Lee,uwilson@example.com,New Jeremy,Poland
276,Maria Conley,russelljennifer@example.com,South Crystalchester,Norfolk Island
277,Charles Garner,gibsonlisa@example.org,Hillview,Tuvalu
278,Randy Tanner,trodgers@example.org,South Stephanietown,New Caledonia
279,Brian Hawkins,lesliegarcia@example.net,Anthonyton,Cameroon
280,Christian Rivera,devonthomas@example.net,Port Charles,Kuwait
281,Leslie Maldonado,edwardschad@example.org,Millerport,Aruba
282,Lauren Huffman,ralphbryan@example.com,North Jerry,Northern Mariana Islands
283,Mary Campbell,markwallace@example.org,North Amanda,Iceland
284,Pamela Baker,riversjohn@example.com,Lake Austinfurt,Argentina
285,William Thompson,lespinoza@example.net,Mccormicktown,British Indian Ocean Territory (Chagos Archipelago)
286,Christopher Vincent,odonnellbrenda@example.org,South Haleymouth,Kenya
287,Mary Rodgers,cynthiacurry@example.net,North Jamesview,Andorra
288,Jorge Fuller,nicholas79@example.org,Christopherstad,Montenegro
289,Christopher Williams,johnsonkimberly@example.net,East Deborahhaven,Iraq
290,Mark Wong,vgarcia@example.com,Alvinbury,Saint Kitts and Nevis
291,Francisco Mueller,bholden@example.org,Lake Diana,Saudi Arabia
292,Robert Bryant,ebony96@example.net,West Alexanderchester,Netherlands Antilles
293,Christina Franco,jasminejoseph@example.com,Lisaville,Belize
294,Megan Farmer,clarksarah@example.org,Diazbury,Malta
295,Melissa Acevedo,guerrerolarry@example.com,Andrewfort,Nauru
296,Caitlin Lara,heather43@example.net,Stephensland,Chad
297,Tracie Stewart,tina29@example.net,Port Kristyfort,Bangladesh
298,Catherine Williams,jrivera@example.com,Johnland,French Polynesia
299,Kayla David,gonzalezkimberly@example.org,Coopershire,Eritrea
300,James Howe,gutierrezjamie@example.net,Lake Wendyfort,Antigua and Barbuda
301,Tina Hinton,clifford01@example.net,Smithbury,Mauritania
302,Teresa Nelson,jimenezdonald@example.org,Calvinshire,Bosnia and Herzegovina
303,Richard Lambert,devinhenry@example.com,South Josephtown,Moldova
304,Sara Mills,samantha05@example.com,Jenniferborough,United Arab Emirates
305,Derrick Moss,jessica07@example.com,West Crystalton,El Salvador
306,Blake Hanson,eric29@example.net,Lake Katieland,Hong Kong
307,Ana Cross,whitejames@example.org,Lake Alexis,Nepal
308,Michael Davenport,plewis@example.org,North Toddmouth,Bouvet Island (Bouvetoya)
309,Robert Harrison,rodriguezamy@example.org,Wardstad,Congo
310,Mark Schmidt,erikamarshall@example.org,Melissaport,Fiji
311,Dr. Michelle Daugherty MD,rhondaking@example.net,Ramirezfort,Sudan
312,Robert Carter,harrisjohn@example.org,South Ariel,Ukraine
313,Michael Powell,bishopdavid@example.com,West Paulville,Brunei Darussalam
314,Allison Watson,heather37@example.com,Brentland,Israel
315,Thomas Huynh,ianderson@example.net,Nicoleland,Seychelles
316,Zachary Foster,kylewright@example.com,New Morganhaven,Azerbaijan
317,Patricia Jones,pmcintyre@example.org,Bowersport,Brunei Darussalam
318,Sarah Ramos,robertsmith@example.org,Jasonfort,Cambodia
319,Stephen Gutierrez,comptonpatrick@example.net,South Randall,Fiji
320,John Galloway,gutierrezjoshua@example.org,Ayalaland,Seychelles
321,James Mitchell,hannahfloyd@example.com,South Brandon,Reunion
322,Robert Gibson,keithsparks@example.com,South Joshuamouth,El Salvador
323,Meghan Mejia,ujackson@example.com,Jeanton,Jersey
324,Scott Newton,lauragonzalez@example.com,Sandersland,Turkey
325,Laura Martinez,carrie42@example.net,Mcdonaldside,Cocos (Keeling) Islands
326,Juan Miller,dan51@example.net,Jeremyville,Monaco
327,Nicole Mason,michelle46@example.net,Stephanieside,Kyrgyz Republic
328,Meredith Valencia,zacharyclark@example.org,Murillohaven,Germany
329,Elizabeth Fox,joseph07@example.org,Port Stevenmouth,Holy See (Vatican City State)
330,William Acosta,ericawilliams@example.org,North Cheryl,Mexico
331,Frank Rodriguez,michael90@example.com,New Rodneyview,Malaysia
332,Kim Cline,thomas99@example.com,Snydertown,Saint Barthelemy
333,Robert Mills,chenrhonda@example.org,Chrisborough,Guam
334,Douglas Miller,qgonzalez@example.com,South Rogerberg,Samoa
335,Mr. David Wall MD,richard01@example.net,West Ryanburgh,Puerto Rico
336,Amy Jenkins,fergusonjulie@example.net,Ronaldchester,Bolivia
337,Steven Bell,matthewbarnes@example.org,Shawnland,Sri Lanka
338,Jamie Weber,brewercraig@example.net,Nealville,Uzbekistan
339,William Cook,pamelamendoza@example.org,Hunterburgh,Nigeria
340,Lauren Mathis,robert27@example.net,Port Erika,Mali
341,Rebecca Brown,dawn79@example.net,Mckenzieland,Iceland
342,James Scott,carl73@example.net,Darrenstad,Pakistan
343,Shari Clarke,zcooper@example.org,Olsonview,Austria
344,Jacqueline Gutierrez,brianowens@example.com,Lambville,Togo
345,Joshua Brown,jennifer97@example.net,Port Susan,Saint Helena
346,Annette Jennings,davisjonathan@example.org,Caitlinton,Nicaragua
347,Gary Humphrey,jose89@example.org,Yorkland,Micronesia
348,Dustin Walker,james85@example.org,Kellybury,United States Minor Outlying Islands
349,Carmen Tanner,amy52@example.com,Sotoborough,Sierra Leone
350,Hayley West,christina30@example.com,Sophiafurt,United Kingdom
351,Chad Lee,wheelerstephanie@example.com,Thompsonhaven,Jordan
352,James Smith,zcohen@example.org,South Stephen,Morocco
353,Mr. Todd Petersen,devondavis@example.com,Port Mark,Uzbekistan
354,Steven Mitchell,loriramos@example.net,Kyleside,Czech Republic
355,Tyler Johnson,craig92@example.com,New Valerieview,Trinidad and Tobago
356,Andrew Hughes,nguyenerik@example.org,New Jenniferville,Moldova
357,Jason Nelson,ntaylor@example.com,Blairmouth,Bouvet Island (Bouvetoya)
358,Mary Hicks,thomasnatalie@example.net,West Joshuahaven,Saint Pierre and Miquelon
359,Carlos Johnson,ggarza@example.org,Isaacview,Spain
360,Tristan Mendoza,debrahudson@example.net,Castilloville,Mexico
361,Andrew Singleton,adam89@example.net,Anthonyfort,Cameroon
362,Daniel Mcbride,wendysexton@example.com,Terristad,Costa Rica
363,James Smith,rhernandez@example.net,North Brianport,Nauru
364,Melissa Leon,deannajohnson@example.com,North Elizabethton,Haiti
365,Jessica Waters,sharonwalls@example.org,New Gary,Malta
366,Kaitlin Miller,lwheeler@example.com,South John,Bahamas
367,Daniel Benson,mckinneymichelle@example.com,Gallagherhaven,Sierra Leone
368,Richard Porter,robertcastro@example.com,New Davidhaven,Moldova
369,Janice Schmidt,psanchez@example.net,Grossberg,Syrian Arab Republic
370,Sarah Alvarado,rojasbrandon@example.com,Lake Michael,Lesotho
371,Hannah Sanchez,stephanierussell@example.net,Matthewshire,Seychelles
372,Kathryn Sims,audreymcdaniel@example.org,Craigbury,Nauru
373,Elizabeth Brown,tamara60@example.org,North Sherrybury,Ecuador
374,Steven Moore,emily78@example.net,West Zachary,Egypt
375,John Ross,ebutler@example.org,Port Jesse,Sudan
376,Rebecca White,tdavis@example.com,New Cynthia,Guinea
377,Crystal Alexander,thompsontina@example.com,East Joyland,French Guiana
378,Robin Lee,kmcguire@example.com,East Michael,Sweden
379,Nancy Hooper,howardwilliam@example.net,East Brandonbury,Antarctica (the territory South of 60 deg S)
380,Stephanie Haynes,wilsonadam@example.com,Port Anthonyborough,Botswana
381,Kristine Reeves,timothylarsen@example.org,Nancyville,Antigua and Barbuda
382,Randall Payne,masseyjermaine@example.org,Port Sarah,Guadeloupe
383,Alexandra Richards,dan45@example.com,New Tamarabury,Guatemala
384,Richard Chaney,shelleyjohnson@example.com,New Elaineborough,American Samoa
385,Linda Jackson,ijohnson@example.com,Torresbury,Belarus
386,Melanie Brown,carolynhenry@example.org,Martinstad,Sao Tome and Principe
387,James James,gbarajas@example.org,Port Peter,El Salvador
388,Jason Flynn,tristanjackson@example.net,South Dylanfort,Azerbaijan
389,Chad Hernandez,codyburns@example.com,Port Ashleyfurt,Cyprus
390,Rebecca Williams,tamara94@example.com,Suzanneborough,Russian Federation
391,Erika Wade,hbrown@example.com,West Troymouth,Uganda
392,Charles Bush,bakermelanie@example.com,East Michael,Gabon
393,Lindsey Williams,elizabeth60@example.net,Port Lindsayfort,Zambia
394,Jeffrey Nelson,john90@example.net,Kaufmanchester,Guadeloupe
395,Mark Anderson,melanie82@example.com,West Alexisborough,Liberia
396,Kevin Palmer,cindy53@example.net,Williamtown,Serbia
397,Michael Baxter,castrovictoria@example.com,Jensenside,China
398,Alicia Garcia,gblackburn@example.org,Carolynshire,Morocco
399,Amy Foster,martinsusan@example.net,Mayland,India
400,Tammy Guerra,ujenkins@example.com,Gonzalezton,Saudi Arabia
401,Monica Palmer,boltonsamuel@example.net,Port Michaelburgh,Tuvalu
402,Nancy Davis,smithmary@example.net,Barnettburgh,Chile
403,David Lynn,paulsanders@example.com,Dunnfort,Tuvalu
404,Paula Hamilton,april93@example.net,Kaitlynland,Benin
405,Patrick Stark,evanslarry@example.org,East Shari,Bahrain
406,Samuel Williams,walkersharon@example.com,East Jasminefort,Gabon
407,Ruth Martin,ahernandez@example.com,Kevinshire,Greenland
408,Amber Howell,yyoung@example.org,Lake Sandra,France
409,Melinda Long,lbrewer@example.net,Angelaton,Moldova
410,Andrea Rogers,coopertim@example.org,Sandovalberg,Saudi Arabia
411,Bryan Duran,robert22@example.org,South Nicole,Ireland
412,Jimmy Jacobson,daisychambers@example.com,South Virginiahaven,Italy
413,Shelby Nguyen,michelle19@example.org,Whiteburgh,Belarus
414,Christian Tran,cheryl01@example.net,Gonzalezbury,Jersey
415,David Nelson,qwagner@example.com,Dominguezberg,Guatemala
416,David Costa,wesleysmith@example.net,Lake Bradley,Gibraltar
417,Mrs. Patricia Wade,brianwest@example.org,Larryburgh,Montenegro
418,Dr. Jonathan Chavez DVM,kellibarnett@example.net,Brittanyshire,Svalbard & Jan Mayen Islands
419,John Marshall,jgibson@example.com,West Matthewfurt,Brunei Darussalam
420,Misty Weber,robert67@example.com,Lake Kimberly,Uzbekistan
421,Ashley Schneider,jeffrey35@example.org,Kimberlymouth,Denmark
422,Michael Moyer,james57@example.net,South Kevinbury,Micronesia
423,Stacey Nguyen,upage@example.org,North Rebeccaborough,Senegal
424,Christopher Jefferson,dvasquez@example.com,Heatherhaven,Nepal
425,Mark Strickland,martinezolivia@example.net,Dennisfurt,Chad
426,Edward Evans,christopher70@example.com,Rachelfurt,Djibouti
427,Jeffery Tran,ricegabriel@example.net,New Wandafort,Panama
428,Steven Harris,amber81@example.org,Johnsonview,Tunisia
429,Thomas Huffman,fvasquez@example.org,Mccarthymouth,Grenada
430,Victor Allen,charles49@example.org,Nathanielstad,Iraq
431,Samantha Trujillo,etaylor@example.com,South Noah,Lebanon
432,Marissa Davis,uking@example.net,East Danielfort,Kazakhstan
433,Patricia Rodriguez,perrypearson@example.net,South Maryside,Ecuador
434,Kaitlyn Donaldson,salasadrian@example.net,Flynnfurt,United Arab Emirates
435,Louis Hammond,stephenhall@example.net,Lake Theresa,Colombia
436,Terri Parker,terribarry@example.net,North Margaretside,Albania
437,Catherine Lopez,tamara59@example.com,South Rebeccashire,Suriname
438,Karla Kemp,simskelly@example.net,Davidmouth,Guatemala
439,Scott Walton,wwhite@example.com,North Joseph,Saudi Arabia
440,John Gallagher,julie25@example.com,Lindaburgh,United States Virgin Islands
441,Zachary Thompson,courtney54@example.org,Port Amber,Brazil
442,Amy Bean,jacobgarcia@example.net,Wardport,Guyana
443,Samuel Peterson,wgallegos@example.com,Lake Alexander,Hong Kong
444,Allison Wolfe,danieljacobs@example.net,Martinmouth,Turkmenistan
445,Michael Allen,curtisatkins@example.org,South Destiny,Western Sahara
446,Frederick Dorsey,thomas48@example.org,West Sarahfurt,Norway
447,Joshua Bennett,qmorales@example.net,Port William,United States of America
448,Jeffrey Jackson,gregory92@example.org,Port Davidland,Niue
449,Raymond Martinez,tmartinez@example.org,East Walter,Malawi
450,Mike Huang,bmueller@example.org,Port Nathaniel,New Zealand
451,Michael Bates,ywatson@example.org,Chapmanshire,French Southern Territories
452,Charles Obrien,amy11@example.com,Joannefort,Niger
453,Steven Hernandez,whughes@example.com,East Davidhaven,Montserrat
454,Cameron Green,melissaatkins@example.org,Branchshire,Burundi
455,Sarah Brown,romeropaul@example.org,New Shawn,Korea
456,Alexander Richardson,jturner@example.com,Lake Anthony,French Southern Territories
457,Erin Jenkins,evelyn54@example.org,Port Micheleburgh,Armenia
458,Thomas Rangel,georgeferguson@example.org,East Alexandraland,Czech Republic
459,Matthew Rodriguez,gkaufman@example.com,Denisefurt,Macao
460,Lori Stone,jennifermedina@example.net,Davisburgh,Germany
461,Laura Powell DVM,cassidydiaz@example.org,Victoriaburgh,Korea
462,Dorothy Thomas,patrickperez@example.com,Virginiamouth,Bolivia
463,Melissa Booth,wkirby@example.com,Duncantown,Paraguay
464,Monica Alexander,hendersonshelby@example.com,Ianton,Tajikistan
465,Susan Harmon,james70@example.org,Stacyhaven,Austria
466,Terri Wilkinson,derek13@example.org,Dayport,Christmas Island
467,Ann Morris,sara63@example.com,Danielview,Canada
468,Cynthia Ayala,allison96@example.net,Masonfurt,Belgium
469,Tiffany Johnson,brendabrown@example.com,Scottfurt,Iran
470,Crystal Franco,ifoster@example.net,East Julia,Bahamas
471,Danielle Collins,mklein@example.net,Millerside,Sweden
472,Timothy Carson,reynoldswillie@example.net,New Luisside,Lebanon
473,Ernest Turner,jennifer50@example.net,Lake Patriciaview,Croatia
474,Richard Wilson,toddhayes@example.org,Jeffreyfurt,Palestinian Territory
475,Mia Rodriguez,david61@example.org,Johnsonmouth,Turkey
476,Jessica Owens,tammy82@example.com,Tylerborough,Slovakia (Slovak Republic)
477,Yvette Kim,adam34@example.net,South Alexandra,Faroe Islands
478,Rebecca Thompson,amanda93@example.com,South Edwardfort,South Georgia and the South Sandwich Islands
479,Jessica Pena,daviesmichael@example.com,South Bradleyland,Saint Vincent and the Grenadines
480,Thomas Scott,robinhines@example.org,Lake Tara,Brunei Darussalam
481,Robert Gilbert,morrowgeoffrey@example.com,Hooperberg,Estonia
482,Deborah Morris,obrienian@example.org,Port Adam,Northern Mariana Islands
483,Jackie Tucker,carol36@example.org,North Amanda,Jersey
484,Donna Harper,joan53@example.com,Rossshire,Hungary
485,Shannon Brown,michelle71@example.net,East Patriciaborough,Myanmar
486,Holly Scott,emorales@example.net,North Loriton,Greece
487,Alisha Jenkins,jonesrichard@example.net,Bensonfort,Sweden
488,Karen Graves,jenkinswalter@example.org,Sandovaltown,Rwanda
489,Melissa Gamble,hflores@example.org,West Pamela,Cuba
490,Zachary Wilson,jonathan49@example.net,Matthewfurt,Cook Islands
491,Marcus Santos,grahamthomas@example.org,Lake Patricia,Dominican Republic
492,Justin Williamson,robertakaufman@example.net,Nicholastown,Egypt
493,Amy Torres,amydunlap@example.net,Omarmouth,Latvia
494,Gordon Warner,brianfoster@example.org,Andrewview,Spain
495,Sandra Cross,hgilbert@example.org,Adamsville,Saint Martin
496,Denise Johnson,bradflores@example.org,Priceton,Panama
497,Lisa Jones,matthewjuarez@example.org,Robertsonside,Bangladesh
498,Anita Cameron,xbaker@example.net,East Billyside,Oman
499,Michael Wilson,hgarcia@example.net,North Michelleburgh,Liechtenstein
500,Jordan Webb,xmaldonado@example.com,Littleton,Niue
501,Shawn Yoder,baileyjacob@example.com,Johnburgh,Japan
502,Alan Young,andrewtaylor@example.org,West Lisafort,Malaysia
503,Joseph Mcintosh,reyespatricia@example.org,Port Monicaton,Tajikistan
504,William Campos,anthonymoreno@example.net,South Bethany,Algeria
505,Rachel Roman,mary33@example.com,New Philip,Czech Republic
506,Dr. Jennifer Robbins,crystalwillis@example.org,Rileychester,Namibia
507,Melody Garcia,kperez@example.org,Beckystad,Saint Vincent and the Grenadines
508,Susan Guerrero,iallen@example.com,New Mandy,Iran
509,Sean Kramer,johnweber@example.net,West Joseph,Jamaica
510,Madison Gonzales,reedjerome@example.org,Johntown,Kuwait
511,Monica Garcia,ehoward@example.net,Ryanside,Tajikistan
512,Sandra Yates,kevinmontgomery@example.net,Myersport,Nicaragua
513,Kevin Benson,jamie59@example.net,Tonyfort,Papua New Guinea
514,Bridget Hernandez,olsonnicole@example.com,Edwardsbury,Saint Vincent and the Grenadines
515,Zachary Smith,navila@example.org,South Ronaldport,Jordan
516,Dr. James Kelley,ksteele@example.com,Port Michelle,Cuba
517,Joseph Chase DDS,jesse62@example.org,Taylorberg,China
518,Cynthia Coffey,cliffordjoseph@example.org,North Jessicaville,Kuwait
519,Christina Richard,elizabeththomas@example.com,North Laurahaven,Togo
520,Gloria Green,jorgecampbell@example.org,Michelleton,Pitcairn Islands
521,Angela Rodriguez,martinerik@example.net,New Christopherhaven,India
522,Peter Yates,gmoran@example.org,Myersburgh,Liberia
523,Brett Smith,oliverthomas@example.org,Raymondhaven,Falkland Islands (Malvinas)
524,Kurt Anderson,hubbardjoanna@example.com,West Whitney,Jamaica
525,Mary Wallace,alexis45@example.org,West Jeffrey,Ireland
526,Mark Harrison,hughescarolyn@example.org,West Michellehaven,Bahamas
527,Brian Arnold,rachelmurphy@example.com,Port Cynthiamouth,Croatia
528,Gregory Jennings,daviserik@example.net,Melissaview,Peru
529,Anthony Walker,pramos@example.net,Susanport,Rwanda
530,Amanda Bentley,tjohnson@example.com,Grossmouth,Mexico
531,Lisa Murphy,joann58@example.com,Fryeton,Kyrgyz Republic
532,Tiffany Barker,alejandroelliott@example.org,Deborahbury,Northern Mariana Islands
533,Ashley Macdonald,dicksonjill@example.net,Danaburgh,Jordan
534,Kayla Luna,whitekari@example.com,Diazmouth,Jamaica
535,Jordan Warren,tamara28@example.com,Kellychester,Slovakia (Slovak Republic)
536,Johnny Valdez,nicholas78@example.com,Armstrongshire,Zambia
537,Tyler Hill,veronica19@example.org,South Joshua,Cameroon
538,Ann Love,debrajones@example.com,Martinezbury,Japan
539,Mariah Carlson,stephaniesharp@example.com,Richardmouth,Armenia
540,Anthony Bonilla,johnmiller@example.com,Jeffreyburgh,Italy
541,Jasmine Frank,rmoore@example.com,New Valerieview,Saint Barthelemy
542,Russell Garner,schneiderkevin@example.org,Atkinsonfurt,Vanuatu
543,Stephen Carter,williamsmonica@example.org,South Josephhaven,Western Sahara
544,Mr. Gerald Schwartz,vasquezjoseph@example.net,Rachelville,Turks and Caicos Islands
545,Heather Dean,marshbrian@example.com,Snyderchester,Palestinian Territory
546,Andrew James,martinezcarol@example.com,South Mary,Norway
547,Cheryl Anderson,logan13@example.org,West Daniel,British Indian Ocean Territory (Chagos Archipelago)
548,Bobby Lewis,kevin59@example.com,Mooreland,Peru
549,Michael Brewer,jodi97@example.com,Jenkinsburgh,Saint Helena
550,Aimee Schroeder,todd52@example.com,Wrightmouth,Zimbabwe
551,Nancy Murphy,jasminegomez@example.org,Joshuatown,Italy
552,Danny Greene,kara22@example.com,New Angelachester,Cook Islands
553,Jennifer Gamble,kim55@example.net,Andersonberg,South Georgia and the South Sandwich Islands
554,Mary Keller,wilsonjesse@example.com,South Heidi,Falkland Islands (Malvinas)
555,Shannon Smith,perkinsfrederick@example.com,New Randy,British Indian Ocean Territory (Chagos Archipelago)
556,Jennifer Scott,alison96@example.net,Bartlettport,Bolivia
557,Phyllis Smith,brian84@example.net,Guerrerohaven,Paraguay
558,Tiffany Anderson,ronald81@example.org,Moorefurt,Nicaragua
559,Trevor Parrish DVM,lboyle@example.net,Lake Lindabury,Angola
560,William Quinn,lisahall@example.com,South Anne,Uruguay
561,Mr. Dennis Reyes DVM,aaronnguyen@example.net,Port Tiffanystad,Turkey
562,Barbara Baxter,morrisbrandon@example.org,Dianetown,Papua New Guinea
563,Manuel Wright,jacob04@example.com,East Veronicafort,Bhutan
564,Joshua Love,dgreen@example.com,Elizabethchester,Morocco
565,Sherry Murphy,chelsea43@example.net,Fernandezview,Montenegro
566,Amber Macdonald,alejandro16@example.com,Nelsonstad,Slovakia (Slovak Republic)
567,Daniel Cameron,douglas09@example.com,New Megan,Uzbekistan
568,Charles Price,raymondvalentine@example.net,Russellborough,Cote d'Ivoire
569,Joshua Harmon,monicahowell@example.org,New Lauraville,Saint Lucia
570,Ashley Allen,stevensamy@example.com,West Leahside,Philippines
571,Amanda Santos,jonesthomas@example.org,Lake Samuel,Saint Martin
572,Danielle Bryant MD,rachel07@example.org,Port Hayley,Kenya
573,Antonio Weber,kellerdanny@example.com,Lake Eduardohaven,Honduras
574,Elizabeth Perez,vwhite@example.com,Melindastad,Bulgaria
575,James Martin,deborahharris@example.com,West Andrewview,Seychelles
576,Brittany Humphrey,monroelinda@example.org,Navarrofurt,Palestinian Territory
577,Vincent Ramirez,bairdrobert@example.net,Scottfort,Tunisia
578,Gail Walker,williammckinney@example.com,South Johnport,Solomon Islands
579,Javier Torres,tmcneil@example.net,Pricebury,France
580,Heather Patel,karenbrown@example.net,West Christina,United States of America
581,Joshua Gill,ualvarado@example.net,West Laurenmouth,Mozambique
582,David Estes,justindixon@example.org,East William,Nauru
583,Michelle Lopez,mary31@example.org,West Bradleyview,Latvia
584,Victor Aguilar,kellygregory@example.net,Davidville,Guam
585,Rachel Carlson,rdavis@example.net,North Jonathanmouth,Luxembourg
586,Andrea Harris,zwilliams@example.com,Harrisville,Kiribati
587,Katherine Hernandez,rmiller@example.com,West Tony,Cape Verde
588,Heather Sutton,phillipsdavid@example.org,Morrisport,British Indian Ocean Territory (Chagos Archipelago)
589,Alan Miles,laurasilva@example.org,Garciatown,Hong Kong
590,Caitlin Hodge,tonyperez@example.com,Stephanieport,Barbados
591,Jennifer Evans,adrianhernandez@example.org,Saraview,Argentina
592,Cindy Cooper,lamamanda@example.com,South Austinburgh,Algeria
593,Anne Johnson,ncabrera@example.com,South Russellside,Denmark
594,Cindy Curry,dawnlove@example.org,East Brandon,Malta
595,Jesse Aguilar,ryan47@example.org,Jasonhaven,Brazil
596,Christy Williams,david69@example.net,Mcdanielbury,Bosnia and Herzegovina
597,Sandra Snow,joseph39@example.org,South Rachel,Panama
598,Kristen Morris,mckinneymichelle@example.net,Johnbury,Hungary
599,Heather Williams,moralesmatthew@example.net,East Jayport,Switzerland
600,Christopher Torres,dcook@example.org,Stoneport,Cook Islands
601,Bonnie May,lpowers@example.org,New Teresa,Netherlands Antilles
602,Mary Hall,teresajohnson@example.net,Cathyville,France
603,Tina Peterson,john96@example.org,East Michael,Monaco
604,Kimberly Rojas,catherine90@example.org,Hernandezside,Belarus
605,Hannah Montgomery,austinfoster@example.net,South Karentown,Myanmar
606,Brett Henry,kevinlong@example.com,Kaitlinborough,Congo
607,John Murphy,kara18@example.org,New Christyton,Tanzania
608,Jeremy Davis,bbeasley@example.com,Jennafort,Colombia
609,Tammy Hickman,wwilliams@example.org,Port Melissa,Ghana
610,Jennifer Morrow,qwashington@example.net,Cunninghambury,Mauritania
611,Andrew Brown,tcooper@example.net,Cordovastad,Bosnia and Herzegovina
612,Katherine Moore,ulopez@example.org,North Karla,Malawi
613,Amber White,bwade@example.com,South Dana,Saint Pierre and Miquelon
614,Robert Robertson,malonemeagan@example.net,South Margaret,Sao Tome and Principe
615,Jeremy Rogers,oanderson@example.org,Bestchester,Christmas Island
616,James Campbell,vwallace@example.org,Burnsmouth,Saint Martin
617,Joseph Morris,krystal92@example.org,Lake Bryan,United States Virgin Islands
618,Denise Morales,alexanderscott@example.net,Adamsville,Papua New Guinea
619,Elizabeth Marks,brianlogan@example.com,New Matthewtown,Macao
620,Tara Flores,davidbrown@example.net,New Benjamin,Greenland
621,Christopher Rodriguez,millersarah@example.net,South Toddberg,El Salvador
622,Paul Richardson,amyjones@example.org,North Lesliefort,Cote d'Ivoire
623,Clarence Anderson,patrickevans@example.net,Port Erinside,Bulgaria
624,William Brown,holtpaula@example.org,Marcusfort,Thailand
625,Sandy Knight,xhamilton@example.com,Lynchside,Uruguay
626,Laurie Lawson,michaelsalas@example.org,East Henry,Romania
627,William Owen,bturner@example.net,Scottfurt,Australia
628,Jennifer Mendoza,jamiestone@example.net,New Melvin,Liechtenstein
629,Kyle Reed,michaelcunningham@example.org,Maryhaven,Wallis and Futuna
630,Douglas Shannon,michaelphillips@example.com,Isaacmouth,Christmas Island
631,Jonathan Tyler,josephdoyle@example.org,Port Steven,Denmark
632,Samantha Moore,emiller@example.org,Port Melissa,Saudi Arabia
633,James Ortiz,huffmanmichael@example.net,West Terri,Burundi
634,Brian Walker,charles54@example.com,Anthonyfurt,Svalbard & Jan Mayen Islands
635,Lawrence Quinn,jessica87@example.org,East Brandon,Cyprus
636,Kerri Mccormick,rsmith@example.com,Lake Kaylastad,Senegal
637,Garrett Novak,myerschristopher@example.net,New Hannahville,Guernsey
638,Mary Wood,williamphillips@example.com,North Matthewberg,United States Virgin Islands
639,Russell Larson,yrice@example.org,South Gloriabury,Svalbard & Jan Mayen Islands
640,James Kelly,coxlynn@example.com,Travistown,Nigeria
641,Tina Molina,tvaughan@example.org,Lauraland,Angola
642,Brandon Brewer,priceamy@example.net,West Melanie,Ghana
643,Cory Stewart,pbowers@example.org,New Gregory,Malawi
644,Tracy Smith,pamelacollins@example.com,Lake Thomasville,Italy
645,Danielle Davis,stacy20@example.org,Lake Stephen,Mongolia
646,Allen Kaufman,vthompson@example.org,North Joshuamouth,Bhutan
647,Wendy Frost,walkerjamie@example.net,Robertland,Kenya
648,Amanda Stanley,matthewtaylor@example.com,Loriville,Liberia
649,Andrea Fernandez MD,brookscassandra@example.net,Erikafort,Lesotho
650,Leah Barnes,scottrasmussen@example.net,Morganstad,Grenada
651,Tricia Villa,martinezgary@example.com,South Alexandraton,Poland
652,Martin Clark,margaret31@example.org,Kerrmouth,Montserrat
653,Priscilla Roberts,jennifer80@example.com,East Laceytown,Norway
654,Robert Warner,livingstonshannon@example.net,North James,Mali
655,Jennifer Miller,melissa91@example.net,Lake Michaelstad,Greece
656,Jessica Nguyen,karen39@example.net,North Ashleyton,Kyrgyz Republic
657,Jennifer Lee,jacksoneric@example.net,West Elizabethstad,Maldives
658,Lance Williams,katie27@example.org,South Jessicaton,Montenegro
659,Rachel Ruiz,nsandoval@example.org,Loganville,Antigua and Barbuda
660,Thomas Hampton,alexanderhoffman@example.net,North Susan,Peru
661,Alvin Thomas,david96@example.org,West Judy,Saint Lucia
662,Ronald Franklin,xgarner@example.org,South Monica,Lithuania
663,Michael Mcguire,scott57@example.org,Wrightview,Germany
664,Christopher Thomas,jacksonrebecca@example.net,North Jeremyton,South Africa
665,Susan Reilly,zhicks@example.com,North Lisahaven,Costa Rica
666,Elizabeth Dean,ustafford@example.com,Masonfurt,Tunisia
667,Kevin Turner,flucas@example.com,Lawrencetown,Singapore
668,Troy Johnson MD,austinjones@example.com,North Aaronbury,Cape Verde
669,Christina Lopez,feliciahartman@example.org,Port Brian,Svalbard & Jan Mayen Islands
670,Jason Harris,brownjoseph@example.org,Wayneburgh,Grenada
671,Lisa Thomas,stacy15@example.org,Hamptonshire,Saint Barthelemy
672,Joshua Lane,avilawendy@example.org,West Marissa,Cocos (Keeling) Islands
673,Colin Melendez,qpetersen@example.org,South Jayborough,Pakistan
674,James Ortega,xmorrison@example.com,Ericmouth,San Marino
675,Isaac Mitchell,jdunn@example.com,North Michael,Philippines
676,Erin Riggs,gregory80@example.com,Sandersfort,Tajikistan
677,Dr. Ian Braun,omarmarshall@example.com,Port Martin,Moldova
678,Kimberly Long,stephenlewis@example.net,Davidsontown,Brunei Darussalam
679,Jason Daniel,kellyjones@example.org,Sharonmouth,Gabon
680,Andrew Baker,jeremymyers@example.net,Whiteshire,Mauritius
681,Emily Watson,nthomas@example.org,Port Daniel,Antarctica (the territory South of 60 deg S)
682,Jonathan Williams,christopherwilliams@example.net,Lake Amy,Martinique
683,Dawn Burke,flowerstracy@example.com,Schroederside,Iraq
684,Cindy Marks,margaret03@example.net,East Jamesfurt,Western Sahara
685,Kaitlyn Harris,xadkins@example.org,Rosalesstad,Bulgaria
686,Jessica Fischer,wcharles@example.net,Scottstad,Palestinian Territory
687,Willie Rivers,alexanderrobert@example.org,Patrickchester,South Georgia and the South Sandwich Islands
688,Christopher Rangel,cthompson@example.org,Richardsonview,Barbados
689,Jeffrey Hanson,ruizalejandro@example.com,Riveraland,Belize
690,Monique Byrd,kevin91@example.org,South Hector,Armenia
691,Martha Walker,phillip18@example.org,Port Morganmouth,Morocco
692,Melissa Perez,joseph89@example.org,Laurentown,Gibraltar
693,Robert Peterson,dallen@example.net,South Sandraville,Thailand
694,Christopher Jones,waltersmichelle@example.net,Sarahtown,Montserrat
695,Mark Harrison,rkelly@example.org,Smithchester,Puerto Rico
696,Benjamin Bishop,suzanne36@example.com,Wolfeton,Botswana
697,Olivia Taylor,kimberly04@example.com,New Toddborough,Norfolk Island
698,Michael Drake,fosterdebra@example.org,Ericburgh,Iraq
699,Jason Martin,daltonjames@example.com,Heidichester,Zambia
700,Jordan Bishop,riverschelsea@example.org,New Kevinberg,Cocos (Keeling) Islands
701,Craig Gay,arthurrussell@example.com,Cooperberg,Sao Tome and Principe
702,Jennifer Meyer,youngbarbara@example.org,Lindaburgh,Botswana
703,Mitchell Romero,meagan00@example.net,Josephville,Canada
704,Frederick Duran,dserrano@example.net,North Elizabethfurt,South Georgia and the South Sandwich Islands
705,Miranda Martin,danielkim@example.org,South Karaberg,Palestinian Territory
706,Timothy West,lynchamber@example.com,West Tiffanyville,Switzerland
707,Stephen Mendez,simmonspaul@example.net,Lake Mariaburgh,Senegal
708,Emily Jones,emilycoleman@example.com,North Theresa,Uruguay
709,David Cobb,patriciawest@example.com,Dorseyberg,Albania
710,Cassie Frey,carolyngutierrez@example.com,Kristenside,Anguilla
711,Adam Davis,snydermartin@example.net,North Stevenchester,Tunisia
712,Christopher Brown,susanli@example.org,West Michelle,Angola
713,Grace Thompson,melanie65@example.net,Pollardmouth,Cambodia
714,Kevin Yates,deleonemily@example.net,Johnston,Papua New Guinea
715,Dominique Miller,michael35@example.com,Williamstown,Palestinian Territory
716,Cathy Maldonado,melendezapril@example.org,Connershire,Holy See (Vatican City State)
717,Jodi Gibbs,vdavis@example.org,East Patriciashire,Uruguay
718,Karen Rodriguez,ahuff@example.net,Richardtown,Kuwait
719,Dustin Aguilar,kevinadams@example.org,North Daniel,Burundi
720,Jason Middleton,amandakent@example.net,East Maryberg,Sri Lanka
721,Katie Anderson,cmcneil@example.org,South Staceymouth,Belarus
722,Dr. Amy Gates,zwhite@example.org,New Rita,Yemen
723,James Johnson,lawsonjustin@example.com,Chaneyland,Oman
724,Julia Wright,mario05@example.com,Coreyshire,Russian Federation
725,Ellen Bryan,stevenpatton@example.org,Michaelton,United Arab Emirates
726,Stephen Jones,kyle82@example.org,New Barry,Maldives
727,Dr. Richard Arias,william35@example.com,West Timothyhaven,Faroe Islands
728,Jonathan Hall,aanderson@example.org,Annafurt,Guatemala
729,Ronald Schmitt,rodney24@example.com,North Catherine,Eritrea
730,Toni Woods,davidwhitaker@example.org,Port Sarah,Argentina
731,Luke Madden,teresaknox@example.com,Clarkemouth,Venezuela
732,Gavin Hudson,warneralyssa@example.org,West Craig,Guadeloupe
733,James Wallace,boonenicholas@example.net,New Tonyburgh,Chile
734,Martin Phillips,hkoch@example.org,Damonton,Cambodia
735,Jennifer Barrett,joneschristopher@example.com,Coxfort,Maldives
736,Michael Alvarez,floydsally@example.org,Anaport,Vanuatu
737,Jennifer Harrison,orojas@example.org,West Laurenton,Sweden
738,Rachel Dawson,kenneth65@example.com,Thomasbury,Faroe Islands
739,Gregory Garcia,petersjonathan@example.org,Lake Rodney,Mali
740,Mrs. Megan Hawkins,rbrown@example.org,Lake Michaelfurt,United States Virgin Islands
741,Danielle Johnson,michelle72@example.net,West Jennifermouth,North Macedonia
742,Robert Mays,smithmallory@example.com,Jacobview,Belize
743,Matthew Reed,turnerjoseph@example.org,South John,Georgia
744,Debra Wilson,ashley54@example.net,Daisymouth,Myanmar
745,Susan Gibson,dennisnelson@example.net,North Rebeccaton,South Africa
746,Johnathan Mitchell,trujilloriley@example.net,New Robert,Zimbabwe
747,Elizabeth Dunn,makaylaroberts@example.net,South Connorberg,Greece
748,Allison Watts,kanejustin@example.com,Amandatown,Tunisia
749,Phillip Meza,ndavis@example.org,Lopezbury,Faroe Islands
750,Christina Lynch,michaelgill@example.org,South Ronaldland,Montserrat
751,Elizabeth Harris,iali@example.org,West Paulborough,Liberia
752,Christina Coleman,samuel17@example.org,Ellisfurt,Colombia
753,Victoria Whitney,pthomas@example.net,North Jenniferfurt,Korea
754,Robert Jackson,curtisdeborah@example.org,East Tyrone,Guadeloupe
755,Victoria Oliver,weissbrendan@example.com,Hayesport,Yemen
756,Paul Johnson,wagnerjennifer@example.com,South Jacquelinemouth,Guinea-Bissau
757,Barbara Brooks,simsbrian@example.net,New Stephen,Romania
758,Dawn Barajas,patricia05@example.net,Devinside,China
759,Dawn Moyer,wtaylor@example.com,Aprilview,Lebanon
760,Charles Alexander,bradleykenneth@example.com,Lake Bruce,Chad
761,Andrea Thornton,johnmarsh@example.net,Lisahaven,Saint Barthelemy
762,Michael Carroll,joyce94@example.net,Eriktown,Solomon Islands
763,Elizabeth Vaughn,johnbaker@example.com,Josephhaven,Cook Islands
764,Brian Atkins,chrishorne@example.com,West Johnny,Brazil
765,Linda Soto,andersonmelissa@example.org,Odomfort,Saint Vincent and the Grenadines
766,Barry Martin,joneskatrina@example.com,Lake Michaelville,Lebanon
767,Javier Durham,jamiebell@example.org,Elliottburgh,Kuwait
768,Jeffery Robles,uchristian@example.org,Mahoneyton,Togo
769,Jason Meadows,danielle72@example.com,Marcusbury,Malta
770,Leah Sweeney,sherrywalker@example.org,East Elijah,Indonesia
771,Mary Ray,bjensen@example.com,Bakerton,Ecuador
772,Stephanie Park,miguelkim@example.org,Gallegostown,New Zealand
773,Catherine Roach,johnsonashley@example.org,Myersstad,Slovenia
774,Rebecca Dean,arivera@example.org,Coxborough,Guernsey
775,Max Reyes,michelle16@example.org,Fletcherborough,Bhutan
776,Rebecca Perez,ramirezjennifer@example.org,Figueroaport,Uganda
777,Henry Ballard,fuentesmelanie@example.org,Frankfurt,Equatorial Guinea
778,Diane Fitzpatrick,tbaker@example.org,West Jeffrey,Djibouti
779,Christopher Vega,logan61@example.org,Lake Anna,Nigeria
780,Christine Wood,craigmichael@example.net,Mitchellberg,Jersey
781,Tammy Morgan MD,howellcraig@example.com,Lake Julie,Turkmenistan
782,Gloria Booker,malik50@example.org,Cindytown,Somalia
783,Michael Douglas,hmedina@example.net,North Christianside,Mauritania
784,Laura Cook,jacqueline45@example.com,Harveyshire,Isle of Man
785,Nicholas Chambers,qmcgee@example.org,West Michaelmouth,Cocos (Keeling) Islands
786,Dr. Jacob Alvarez,narnold@example.com,West Robert,Hong Kong
787,Tiffany Wood,kzuniga@example.net,West Sherryfurt,Monaco
788,Kyle Williams,anthony09@example.org,West Brittanyberg,Cote d'Ivoire
789,Jeffrey Frederick,wrightjason@example.org,Kimport,Seychelles
790,Michelle Young,john99@example.net,Alejandraland,Moldova
791,Alexandra Estrada,daniel98@example.org,Martinezstad,United States Minor Outlying Islands
792,Anthony Gibson,haneyzachary@example.net,Josephfort,Saudi Arabia
793,Kent Zimmerman,blairtina@example.org,Barbarahaven,Liechtenstein
794,Holly Todd,thomascassandra@example.org,Fosterborough,Palestinian Territory
795,Morgan Grimes,deniseavery@example.com,East Charles,Egypt
796,Donna Gonzales,martinezpaul@example.org,Hunterhaven,Cote d'Ivoire
797,Henry Carpenter,lamberttanya@example.net,Port Allen,Malta
798,Ashley Hamilton,walkermatthew@example.net,Hortonfurt,Faroe Islands
799,George Davis,tdonaldson@example.com,North Brentburgh,Sao Tome and Principe
800,Clayton Fernandez,paulramirez@example.net,West Margaret,Chile
801,Juan Stafford,qpena@example.org,North Lorimouth,Morocco
802,Cindy Woodward,rmccormick@example.org,East Lisa,Botswana
803,Ryan Wright,edwardpowers@example.com,West Alyssaside,Samoa
804,Melissa Moore,hartrobin@example.net,West Monica,Seychelles
805,Christina Barrett,ojohnston@example.com,North Jacquelineburgh,Marshall Islands
806,Bill Everett,kristiperry@example.com,Rodriguezton,Madagascar
807,Miguel Hill,clarkjustin@example.org,Lake Seth,Heard Island and McDonald Islands
808,John Garcia,simpsonmichael@example.net,South Kathrynhaven,Turks and Caicos Islands
809,Kristin Walker,marshcraig@example.org,West Patty,French Polynesia
810,Teresa Macias,hallmatthew@example.com,Ingramberg,Ecuador
811,Lori Hernandez,jamie66@example.com,Katiefurt,Panama
812,Sabrina Lewis,nford@example.org,Rodrigueztown,Aruba
813,Stephen Phillips,zachary73@example.com,Lake Tracy,Turkmenistan
814,Manuel Fletcher,boydjeffrey@example.net,Port Peterview,Slovakia (Slovak Republic)
815,Casey Russell,mcfarlandlori@example.com,Juliefort,Costa Rica
816,Sarah Lucas,omills@example.org,South Jessica,San Marino
817,Tina Adkins,mmoore@example.org,Burchville,Cayman Islands
818,Daniel Carter,joseharris@example.net,Port Sheilafurt,Indonesia
819,Jennifer Taylor,matthewsmith@example.net,Richardville,Jamaica
820,Susan Brown,richard35@example.com,West Christopher,Barbados
821,Jennifer Castro,jimenezvanessa@example.com,Port Calvinshire,Bosnia and Herzegovina
822,Garrett Edwards,mariospears@example.org,Robertfurt,Bosnia and Herzegovina
823,Eric Acosta,frodriguez@example.org,Hernandezton,Ghana
824,Tammy Davis,nevans@example.net,Lake Tyler,Libyan Arab Jamahiriya
825,Paul Smith,davidmiller@example.org,Donnatown,Liechtenstein
826,Robin Weaver,samanthaclark@example.com,South Sonyaport,Anguilla
827,Walter Cunningham,eugene37@example.org,Breannafurt,Paraguay
828,Tony Bennett,zamoralogan@example.org,South Stephenhaven,Niger
829,Stephanie Wade,fwilliams@example.net,Alexanderstad,Saint Lucia
830,Brandon Larsen,villastephanie@example.org,Guzmanside,Pitcairn Islands
831,Erin Ballard,harperconnie@example.org,South Kathleen,Cuba
832,Sheena Weber,amanda10@example.org,South Johnland,Cameroon
833,Robert Taylor,dustinmorris@example.net,Whiteheadview,Niue
834,Sandra Moore,ramoskristina@example.com,Brucefurt,Armenia
835,Kirsten Ortiz,rmccoy@example.net,Sabrinaburgh,Saint Helena
836,Sylvia Wright,abaker@example.org,Lisaborough,Luxembourg
837,Katherine Murray,johnsonjames@example.org,East Shellystad,Faroe Islands
838,Scott Lucero,kperez@example.org,New Kerryfurt,China
839,Scott Reed,hoodelizabeth@example.com,South Rachelstad,Grenada
840,Aaron Lawson,benjamin67@example.net,New Jonathan,Faroe Islands
841,David Sexton,muellerjulia@example.com,Josebury,Cayman Islands
842,Tommy Mcneil,vincent68@example.org,Jonville,Portugal
843,Joel Price,kimberly16@example.net,North Mary,Korea
844,Richard Reeves,john33@example.org,Port George,Tonga
845,Angela Miranda,btaylor@example.org,West Daltonview,Georgia
846,Jason Tyler,kristicolon@example.com,Carterville,Tuvalu
847,Joshua Hamilton,cheryl20@example.net,Bautistaton,British Virgin Islands
848,James Johnson,pfernandez@example.org,Rickyburgh,Bhutan
849,Lydia Patterson,stephanielewis@example.net,North Michael,Timor-Leste
850,Dale Moreno,nicole57@example.com,New Bonnie,Niue
851,Christopher Esparza,nicoledalton@example.net,Lake Elizabeth,Argentina
852,Jeremy Soto,ujohnson@example.com,Gregoryberg,Ethiopia
853,David Jennings,destiny25@example.net,South Davidberg,Aruba
854,Mark Peterson,jasmine88@example.org,East Anthonyborough,Lao People's Democratic Republic
855,Gerald Williams,deannamorgan@example.org,North Madelineton,Guam
856,Stephanie Hanson,wmason@example.net,Lake Stephanie,Bolivia
857,Kara Le,brandon93@example.com,Johnsonstad,Kazakhstan
858,Peter Payne,david86@example.com,Dorothyland,Israel
859,Lisa Lee,stanleyberger@example.org,Meganburgh,Tajikistan
860,Patricia Livingston,benjamin61@example.net,West Danielfurt,Reunion
861,Amber Henderson,mark07@example.com,New Sergio,Nauru
862,Shawn Conrad,antoniojimenez@example.net,Payneton,Rwanda
863,Michele Miller,hjones@example.com,North Mariaside,Syrian Arab Republic
864,Kathryn Brown,davisrachel@example.com,South Crystalberg,Russian Federation
865,Candice Owens,gomezbrenda@example.org,East Thomasside,Holy See (Vatican City State)
866,Michael Flowers,teresalopez@example.net,East Stephanie,Ecuador
867,Rachel Fernandez,patriciadavies@example.org,North Robertview,Mayotte
868,John Sanchez,cassandradowns@example.com,Barbaraland,Hong Kong
869,Ariel Hunt,abrown@example.com,Saunderston,Morocco
870,Holly Sanchez,joseph88@example.net,Bartlettstad,Saint Pierre and Miquelon
871,Richard Flynn,aalexander@example.com,Martinburgh,Nigeria
872,Suzanne Torres,courtney50@example.org,Henryville,Jamaica
873,Joe Singleton,michaelmcclain@example.org,Smithmouth,Qatar
874,Joshua Williams,johnvazquez@example.net,Lake Valerie,Samoa
875,Amanda Rodriguez,scottbruce@example.org,Christopherfurt,Latvia
876,Charles Williams MD,rebeccayoung@example.net,Byrdside,Reunion
877,Gina Smith,alexastout@example.org,East Russell,Libyan Arab Jamahiriya
878,James Anderson,moradavid@example.org,South Miketown,Singapore
879,Jacqueline Ibarra,melissa01@example.org,North Rachel,Estonia
880,Jaime Lowery,michael89@example.org,Howardside,Micronesia
881,Jeffrey Wilson,ljohnson@example.org,South Pamelaton,Angola
882,Shelia Schmidt,kennethcox@example.org,Thomasview,Gabon
883,Tyler Smith,andersonkenneth@example.com,West David,Nepal
884,Steven Rhodes,ohernandez@example.org,West Hollyport,Korea
885,Brian Hall,ystone@example.com,Griffinport,San Marino
886,Derek Hawkins,phampeter@example.com,Christopherfurt,Dominican Republic
887,Samuel Parker,rcherry@example.net,Port Timothy,Nauru
888,Michelle Sanchez,elizabeth86@example.org,Elizabethmouth,United Kingdom
889,Dr. Jason Jones Jr.,sarahdaniels@example.net,Lake Phyllisborough,Isle of Man
890,Tina Fowler,ufigueroa@example.net,Patricktown,Ethiopia
891,Sandra Craig,lanejustin@example.com,Johnsonfurt,Bhutan
892,Melissa Johnson,peter58@example.net,Shaneside,Costa Rica
893,Todd Tran,hmooney@example.org,Piercefort,Sao Tome and Principe
894,Jennifer Brown,jennifer74@example.com,South Susantown,Antarctica (the territory South of 60 deg S)
895,Christopher Young,nicholas39@example.net,Jordanmouth,Iran
896,Sandra Flores,farmstrong@example.net,Lake Karenview,Slovakia (Slovak Republic)
897,Michael Dunlap,kchristensen@example.net,Reyesmouth,Sudan
898,Sarah Williams,lisagrimes@example.com,West Carolynberg,Tajikistan
899,Anthony Williams,rhodesjason@example.com,Port Victoria,Poland
900,Kelly Johnson,lyonsmatthew@example.org,Medinaville,Slovakia (Slovak Republic)
901,Nicole Chapman,johnpadilla@example.org,Wilkinsmouth,Guinea
902,Jessica Martinez,mark77@example.net,Dianafort,Albania
903,Rhonda Miller,dmoore@example.net,Greenfort,Israel
904,Krista Hernandez,hmacdonald@example.net,Andrewmouth,Bahamas
905,Catherine Lopez,ryan04@example.net,Amandaview,Guadeloupe
906,Ricky Munoz,anthonymolina@example.net,Meganton,Indonesia
907,John Lewis,sullivanamanda@example.com,Lake Lindsey,Russian Federation
908,Jennifer Robertson,emilymoss@example.org,Port Jessica,Pakistan
909,Crystal Gomez,dominiquemorales@example.org,Port Mindyport,Tanzania
910,Joseph Alvarez,iellis@example.net,West Brianmouth,Spain
911,Sarah Wells,ebaker@example.org,Codyhaven,Costa Rica
912,Heather Ward,wilsonalexandria@example.org,Travisberg,Greece
913,Laura Hernandez,hallshawn@example.net,Houstonborough,Cyprus
914,Adriana Barr,calebrush@example.org,Vargashaven,Korea
915,Ronald Ellis,torresrandall@example.org,South Tannerfurt,Chile
916,Dr. Matthew Cooper,marialin@example.org,Port Jeffery,Gambia
917,Angelica Roth,marknguyen@example.org,Rasmussenfort,Monaco
918,Tammy Dickson,baileyeric@example.org,Lozanomouth,Guinea-Bissau
919,David Reyes,ivaughan@example.org,West Travis,Russian Federation
920,Jay Harper,brandoneaton@example.net,New Brittany,French Guiana
921,Michael Brown,dale73@example.net,Michaelfort,Lithuania
922,Tammy Olson,johnsonryan@example.org,Hernandezton,Northern Mariana Islands
923,Lonnie Mcgee,erica28@example.net,Lake Jason,Austria
924,Vanessa Ross,michaelchapman@example.net,Catherineberg,Niue
925,Joe Watts,deborah00@example.com,New Mandy,Mongolia
926,Jasmine Bernard,shelby85@example.com,New Tanyaton,Mexico
927,John Guzman,johnwalsh@example.net,Guerraton,British Indian Ocean Territory (Chagos Archipelago)
928,Thomas Hines,linda00@example.com,West Emmaland,Bangladesh
929,Martin Frey,kristinlopez@example.org,Jenniferfurt,Guinea
930,Olivia Torres,paulesparza@example.com,Garzaview,Martinique
931,Nancy Harding,turneralexis@example.org,Phillipfort,China
932,Brooke Moore,wardangela@example.com,Michaelton,Micronesia
933,James Davis,kimalvarado@example.com,Port Monicaport,Kazakhstan
934,Annette Sanders,parkertracey@example.com,West Kimberly,Mauritania
935,Lisa Higgins,louisgibson@example.net,South Margaret,Mauritania
936,Christopher Burgess,ahughes@example.com,Lake Billberg,Turkmenistan
937,Tammy Hart,ijohnson@example.com,New Brittanyville,Sweden
938,Jordan Roberson,lisavelasquez@example.org,North Lisa,Belize
939,Tonya King,andrew81@example.com,Port Mark,Turkey
940,Robert Thomas,markweaver@example.com,Lake Jose,Seychelles
941,Jessica Crane,amber74@example.com,Port Deborah,Palau
942,Rodney Perez,schavez@example.net,North Jay,Kyrgyz Republic
943,Christine Johnson,reedangela@example.org,Port Lauren,Latvia
944,Jacqueline Stephens,shelia03@example.net,West Mark,Turks and Caicos Islands
945,David Cohen Jr.,lindseylove@example.org,Jonestown,Equatorial Guinea
946,Christopher Smith,mccoytammie@example.org,Lake Christopherhaven,Monaco
947,Scott Wheeler,paulawright@example.com,Brucefort,New Caledonia
948,Jason Perkins,fsmith@example.net,East Michaelton,Kazakhstan
949,Miss Candice Oneill,pcole@example.org,South Tanyabury,Estonia
950,Vicki Mcconnell,dgardner@example.org,East Sandra,Isle of Man
951,David Pierce,rbrown@example.org,Williambury,Palau
952,Matthew Collins,emily81@example.net,Normanton,Barbados
953,Richard Rose,shawjennifer@example.org,Alexamouth,Iran
954,Joanna Taylor,caroline14@example.com,South Aaron,Bouvet Island (Bouvetoya)
955,Rachel Hines,kingjessica@example.org,Dianaport,Guam
956,Dakota Hall,cglenn@example.net,New Allison,Haiti
957,Jason Anderson,starkkevin@example.com,Kingburgh,Hong Kong
958,Sonia Torres,donna05@example.com,Port Darren,Palau
959,Charles Hart,ajohnson@example.net,Lake Chris,French Southern Territories
960,Timothy Sullivan,jacquelinemitchell@example.com,East Erikastad,Guyana
961,Theresa Edwards,kpierce@example.org,Seanmouth,Cocos (Keeling) Islands
962,Veronica Fitzgerald,jennifer03@example.net,West Douglas,Guam
963,Sara Meyer,nathanconway@example.com,East Mariah,Malta
964,Gregory Wilson,blackdiamond@example.net,East Stephaniestad,Latvia
965,Keith Flynn,kevin46@example.org,Nguyenport,Georgia
966,Erin Hobbs,jacobadams@example.com,East Meganside,Botswana
967,Christopher Williams,ashley59@example.net,Brianhaven,Botswana
968,Alexander Jacobs,jacobmueller@example.org,Wrightview,Montserrat
969,Douglas Yates,amanda12@example.org,Michaeltown,Sri Lanka
970,Erin Newman,wjones@example.net,North Williamstad,Panama
971,Michael Barnes,lsantos@example.org,West Dannyside,Kuwait
972,Andrew Young,tonya52@example.net,Port Scottbury,Slovakia (Slovak Republic)
973,Marie Gross,romansarah@example.net,Stephenfort,China
974,Erik Hunter,ycontreras@example.org,East Robert,Guadeloupe
975,Jaime Jefferson,livingstoncurtis@example.com,New Jason,Armenia
976,Laura Mcmahon,stephen86@example.com,Stephaniemouth,Ireland
977,Daniel Dixon,angiewilliams@example.com,Lake Christopher,French Polynesia
978,James Wallace,parkerdavid@example.com,Kathrynhaven,Eritrea
979,Katherine Whitney,rhondaalvarado@example.com,Emmaville,Saint Martin
980,Sarah Arnold,trocha@example.org,South Stevenport,New Caledonia
981,Tracey Ford,rileydanielle@example.org,North Christine,Lao People's Democratic Republic
982,Michelle King,duncanconnor@example.net,Lindaberg,Netherlands
983,Richard Ortega,mark34@example.net,Jonesshire,Malta
984,Kayla Benson,gmcdonald@example.org,Port Bobby,Montserrat
985,Jennifer Spencer,lindacooper@example.net,West Natalietown,Thailand
986,Dylan Schneider,heathersmith@example.com,Natalieville,Bolivia
987,Marc Sanchez,deborahharris@example.net,Brandonton,United States Minor Outlying Islands
988,Andrew Bonilla,allison97@example.org,Lisaborough,China
989,Matthew Rodriguez,jennabriggs@example.com,Josephshire,Belize
990,Douglas Barker,warren66@example.net,Schroederfurt,Brazil
991,Christopher Salinas,xgross@example.com,East Connieport,Reunion
992,Robin Carlson,watkinschristina@example.net,Manuelside,Uruguay
993,Dean Strickland,matthew77@example.net,East Mackenzie,Yemen
994,Karen Wright,wangalexander@example.com,Port Elijahberg,Montserrat
995,Dr. Tina Murphy,reyesnancy@example.org,Tylerhaven,Pitcairn Islands
996,Maria Brown,shawn62@example.com,North Keithburgh,Vanuatu
997,Benjamin Davis,mdodson@example.org,Johnsonshire,Myanmar
998,Shelley Sutton,fhaynes@example.com,Williamfurt,Svalbard & Jan Mayen Islands
999,Kelly Bowman,matthewsmeagan@example.com,Port Laura,United States Virgin Islands
1000,Jill Kelly,andre87@example.net,Christopherfort,Bangladesh
1001,Richard Lindsey,heidirussell@example.net,Andreaport,Sierra Leone
1002,Russell Murphy,hopkinsdonald@example.net,East Andrea,France
1003,Blake Bennett,kellywalker@example.net,Jacksonmouth,Jamaica
1004,Christopher Taylor,larrystafford@example.net,Joshuashire,Botswana
1005,Cheryl Smith,ccastillo@example.org,North Amandamouth,Cayman Islands
1006,Trevor Weaver,amyschmidt@example.net,Virginiabury,Monaco
1007,Danielle Anderson,keithcannon@example.net,West Andrewton,Kiribati
1008,Rhonda Moore,deborah14@example.net,Port Virginia,Peru
1009,Jessica Watts,lopezalexander@example.net,West Luis,Botswana
1010,Alexis Carroll,davidbrown@example.net,North Tylerstad,Tanzania
1011,John Delgado,marcflynn@example.com,Lisastad,Cote d'Ivoire
1012,Derrick Ruiz,sandragarcia@example.org,Port Jennifer,Qatar
1013,Nancy Andrews,turnercharles@example.net,Newtonmouth,Korea
1014,Ian Rivera,andreakerr@example.com,Amandastad,Honduras
1015,Stephanie Palmer,moorelorraine@example.com,West Oliviaburgh,Spain
1016,William Yates,vickie13@example.net,New Stacychester,Norfolk Island
1017,Joseph Thomas,danielle64@example.org,East Robertport,Malawi
1018,Laurie Phillips,christopher81@example.net,Jenniferport,Peru
1019,Paige Fuller,nixonjames@example.org,Jamesfurt,New Caledonia
1020,Stephen Thomas,megansilva@example.com,West Erin,Saudi Arabia
1021,Amy Ramirez,robert34@example.net,Davidmouth,Serbia
1022,Travis Foster,walkerjulie@example.org,Hammondbury,Canada
1023,Denise Fernandez,ledesiree@example.com,Port Sarahmouth,Norfolk Island
1024,Lawrence Buck,joycestevenson@example.net,Mcculloughstad,Kazakhstan
1025,Bradley Norris,dawn26@example.net,Hunterville,Belarus
1026,Mrs. Lindsey David DVM,huertasonya@example.com,South Patricia,Somalia
1027,Lauren Pena,maryhunt@example.org,Payneland,Guyana
1028,Kathleen Byrd,pberger@example.com,Kirbymouth,Suriname
1029,Rick Porter,valdezcharles@example.org,Jeanneport,Philippines
1030,Erika Davis,cynthia53@example.com,Herreraside,Egypt
1031,Donald Bush MD,vlarson@example.net,Thomasfurt,Myanmar
1032,Bobby Villa,sarah61@example.com,Andrewstad,South Africa
1033,Tamara Pineda,jacksanders@example.com,North Denise,New Zealand
1034,Joshua Chapman MD,emilywarner@example.net,Lake Jameschester,France
1035,Chelsea Ramos,chelseaedwards@example.org,Port Johnside,Cambodia
1036,Michael Anderson,tiffanypena@example.org,East Alisha,Ghana
1037,Jeffrey Anderson,michaelgould@example.org,West Jeffrey,Slovakia (Slovak Republic)
1038,Jeffrey Williams,fosterangela@example.com,New Robert,Cambodia
1039,Jonathan Alvarado,angelamason@example.com,Port Kelly,Iceland
1040,Devin Duffy,rosalesmichael@example.com,Lake Rachel,Luxembourg
1041,John Alvarez,russoryan@example.net,North Stephanieland,Western Sahara
1042,Jacqueline Flores,dmartinez@example.com,South Tyler,Somalia
1043,Charles Smith,leslie73@example.com,Lake Brittanyberg,Poland
1044,Cameron Keith,mpatel@example.net,New Robertland,Georgia
1045,Joseph Allen,laurawagner@example.net,Lindamouth,Guatemala
1046,Eric Nielsen II,ucooper@example.net,Amandaburgh,New Caledonia
1047,Kenneth Wu,youngpatrick@example.org,Edwinfort,United Kingdom
1048,Derek Brooks,daviserin@example.net,South Brian,Indonesia
1049,Thomas Stephens,turnerdakota@example.org,Aliciaborough,Sri Lanka
1050,Kathy Smith,carpenternathan@example.net,North Bryanton,South Africa
1051,Patricia Shaw,kimberlysanchez@example.net,Elizabethfurt,Faroe Islands
1052,Richard Meyer,lwells@example.com,West Michelle,Saint Lucia
1053,Victoria Garza,roweaaron@example.com,Lake Bryceton,Uganda
1054,Valerie Edwards,brittanymorris@example.com,Michaelview,Central African Republic
1055,Karen Bond,kathryn89@example.net,Martinezport,Iran
1056,Thomas Joyce,anthonyray@example.com,Palmershire,Andorra
1057,Christopher Campbell,sarahadams@example.org,West Jaclynhaven,China
1058,Paula Cole,wallaceshannon@example.net,West Robert,Gibraltar
1059,Robert Peterson,nmorrison@example.net,North Janetmouth,Morocco
1060,Joshua Woodard,jenna86@example.net,Davisview,Cote d'Ivoire
1061,Sandra Brown,rcain@example.com,Raymondstad,Guinea-Bissau
1062,Michael Jackson,codymcgee@example.com,Geraldfurt,United States of America
1063,Alicia Erickson,jennifersmith@example.com,North Mary,Syrian Arab Republic
1064,Renee Wagner,mcculloughabigail@example.org,Lake Tonyaland,Norway
1065,George Hall,williamtaylor@example.net,South Sandra,Lesotho
1066,Randy Miller,derek45@example.net,New Robertmouth,Ghana
1067,Alicia Norman,calvin97@example.com,North Kathrynville,Anguilla
1068,James Sanders,paige07@example.org,Anthonyland,Trinidad and Tobago
1069,Michaela Soto,scottandrew@example.com,Spencerfurt,Niue
1070,Jason Harrison,juanparker@example.com,Gomezborough,Guam
1071,Michelle Walsh,sarah06@example.net,Martinezside,Serbia
1072,Andrew Carter,zparker@example.com,East Jeffreybury,United States Virgin Islands
1073,Debra Wells,blackwellcolin@example.net,South Debbieberg,Venezuela
1074,Bradley Foster,weissstacy@example.net,New Amandashire,Haiti
1075,James Collins,ddavis@example.org,Russoland,Myanmar
1076,Yvonne Powell,heatherwhite@example.com,Shellyland,Aruba
1077,Luis Zamora,anne32@example.com,Brandymouth,San Marino
1078,Brenda Meza,fitzgeraldstephen@example.org,Jenniferberg,Tunisia
1079,Tammy Miller,pamelaflores@example.com,Colonburgh,British Virgin Islands
1080,Benjamin Roy,linda14@example.net,South Jessica,Burundi
1081,Tracy Williams,michelelewis@example.org,Port Scottchester,Poland
1082,Robert Bradford,onealmaria@example.net,New Dawn,Latvia
1083,Cynthia Johnson,heidiharris@example.net,West Darrenton,San Marino
1084,Thomas Brown PhD,aayala@example.com,West Michelle,Marshall Islands
1085,Lisa Campbell,ortizkelly@example.org,Jacksonton,Ukraine
1086,Lynn Hoffman,jessicaellis@example.com,Port Rachelshire,Hungary
1087,Christine Clements,richard57@example.net,Portershire,Hong Kong
1088,Dominique Garcia,daniel82@example.org,Davistown,United States Minor Outlying Islands
1089,Jermaine Smith,aaron29@example.com,South Larryside,Solomon Islands
1090,Tyler Bradley,taylorbarry@example.net,Port Virginia,Singapore
1091,Roger Nelson,mark88@example.org,Wrightton,Libyan Arab Jamahiriya
1092,Katherine Mitchell,catherine46@example.net,New Mark,Australia
1093,Heather Wright,lindaodonnell@example.com,East Nathaniel,Slovenia
1094,John Carpenter,glowery@example.com,Estesstad,Kenya
1095,Angela Schmitt,xmason@example.net,Shanehaven,Reunion
1096,Mary Lynch,karen18@example.com,East Mark,Ireland
1097,Lindsey Zimmerman,tommy15@example.com,Port Zachary,India
1098,Jill Miller,briancarr@example.com,Smithfort,Cyprus
1099,Dawn Martinez DVM,nguyenjeffery@example.net,Nathanielfort,Timor-Leste
1100,Kenneth Gonzalez,omorgan@example.net,Kellystad,Poland
1101,Ashley Parker,lindaedwards@example.com,New Breanna,French Southern Territories
1102,Steven Vincent,paulandrea@example.com,New Roberthaven,Timor-Leste
1103,Rebecca Wagner,jonesbobby@example.org,Rowlandborough,Micronesia
1104,Jo Perry,christophergibson@example.net,South Ronnieshire,Cyprus
1105,Susan Nolan,ycooper@example.com,Lorimouth,Montenegro
1106,Mrs. Tiffany Graves,sandra18@example.com,Danielmouth,Romania
1107,Stanley Joseph,kylie56@example.com,North Josephview,Dominican Republic
1108,Lindsey Stark,eugenelambert@example.org,North Dustinview,Monaco
1109,Patricia Nelson,frederick47@example.org,Ponceville,Czech Republic
1110,Timothy Rivera,quinnchristine@example.org,Shermanport,Rwanda
1111,Peter Mcguire,mwoods@example.org,East Kathy,Yemen
1112,Benjamin Green,joshuawilliams@example.com,New Caseychester,Eritrea
1113,Steven Patterson,brandonarmstrong@example.org,East Kelsey,Cuba
1114,Richard Riley,peaton@example.net,Mccarthymouth,Denmark
1115,Mark Miller,david46@example.net,Jordanfurt,Cote d'Ivoire
1116,Jacqueline Hansen,fhill@example.net,Lake Valerieland,Bahrain
1117,Tracy Mcbride,michael20@example.org,Lake Marychester,Colombia
1118,Emily Obrien,elizabeth93@example.org,Barrmouth,Equatorial Guinea
1119,Kevin Acevedo,nicholas04@example.net,Pagebury,Antarctica (the territory South of 60 deg S)
1120,Mrs. Teresa Campbell PhD,jessica57@example.com,Port John,Antigua and Barbuda
1121,Gregory Ford,austinjohn@example.org,East Amyhaven,Liechtenstein
1122,Jennifer Taylor DVM,johnsoneric@example.com,Port Debra,Netherlands Antilles
1123,Colleen Pena,robertdaniels@example.org,South Taylor,Madagascar
1124,Sandra Small,westnina@example.net,South Adam,Haiti
1125,Barbara Boone,lisamoore@example.org,Port Thomas,Argentina
1126,Julia Newton,alexandersmith@example.org,South Adamchester,Congo
1127,Pamela Huynh,jgrimes@example.net,Joshuahaven,Kuwait
1128,Erin Thomas,dleonard@example.net,South Jennifertown,Cameroon
1129,Ronald Waller,hannahmeadows@example.com,East Jasonmouth,Uruguay
1130,Katrina Smith,jonesrebecca@example.net,Port Ericton,Togo
1131,Alexandra Vasquez,cmiller@example.net,Ashleymouth,Gambia
1132,Amy Robinson,nathanielwilliams@example.org,West Christopherburgh,Nepal
1133,Janet Ford,qmiller@example.com,Onealside,Latvia
1134,Elizabeth Howe,cpoole@example.org,New Andrewhaven,Zambia
1135,Denise Garcia,michelle93@example.org,Port Janet,Western Sahara
1136,Krystal Cortez,hernandezjoseph@example.net,Boyerview,Dominican Republic
1137,Brian Clark,stephanierobinson@example.com,North Carlosside,United States of America
1138,Matthew Oconnor,zowens@example.com,Lake Michael,Niger
1139,Gregory Tapia,wagnerjames@example.org,Cassandraton,Bermuda
1140,Alex Smith,hansenzachary@example.com,West Jennifermouth,Namibia
1141,Nathaniel Thomas,lwilkinson@example.net,Hendersontown,Nepal
1142,David Cohen,susan44@example.org,Kimberlybury,Tokelau
1143,Lori Gonzalez,ballarddavid@example.com,Buckleychester,Pitcairn Islands
1144,Amanda Black,benjaminnoble@example.com,New Damonland,Burundi
1145,Paul Hammond,mckinneylarry@example.org,West Michelle,Madagascar
1146,Amy Richardson,lolson@example.org,North Rachelland,Montenegro
1147,Scott Gonzalez,riveracody@example.net,Christensentown,Suriname
1148,Amber Monroe,michaelrandolph@example.com,Gomezmouth,Bouvet Island (Bouvetoya)
1149,Steven Ward,miguelpeterson@example.com,Aaronfort,Malta
1150,Andrew Flores,kellygriffith@example.org,Micheleburgh,Guinea-Bissau
1151,Amanda Ford,aaron62@example.com,West Dustinland,Syrian Arab Republic
1152,Toni Wagner,justincollins@example.net,New Melissaborough,Uganda
1153,Barbara Foster,vvelasquez@example.com,Lake Eric,Burkina Faso
1154,Kimberly Meyers,tiffanyherring@example.com,Andersonmouth,Taiwan
1155,Eric Duffy,carlperez@example.com,Robertville,Qatar
1156,Jacob Smith,sandraanderson@example.net,South John,Cameroon
1157,Elizabeth Howell,curtis05@example.net,New Samantha,Canada
1158,Raven Willis,ophillips@example.com,Port Kevin,Fiji
1159,Barbara Davis,leahgilmore@example.org,Williamsfurt,Denmark
1160,Becky Melendez,daniellechavez@example.org,Navarroland,Hong Kong
1161,Samantha Bell,rdavid@example.net,New Teresabury,Uzbekistan
1162,Robert Carson,kellybianca@example.com,North Jonathan,Zambia
1163,Elizabeth Adams,lopezmark@example.net,Michaelburgh,Netherlands Antilles
1164,Alexa Martin,mark49@example.org,Deniseburgh,Nicaragua
1165,Hannah Day,pbest@example.org,Lisaborough,Senegal
1166,Jay King,jamesjennings@example.net,Allenville,Latvia
1167,William Petersen,jtanner@example.net,Suzannehaven,Azerbaijan
1168,Anthony Strickland,robertsmith@example.net,West Mitchell,Afghanistan
1169,Danielle Smith,lisa99@example.com,Lake Elizabeth,Botswana
1170,Christopher Butler,idavis@example.com,Robinsontown,Norway
1171,John Valenzuela,anthony20@example.org,Medinaland,Korea
1172,Joshua Donovan,obell@example.com,Bakerside,Poland
1173,Dr. Steven Little,mcintyremichael@example.org,New Carl,Russian Federation
1174,Kathleen Lewis,tracy80@example.net,New Kevin,Yemen
1175,Sarah Greene,whitedaniel@example.com,Susanhaven,Northern Mariana Islands
1176,Nicole Turner,daniel19@example.org,New Daniel,Lesotho
1177,Nicole Roberts,millerwilliam@example.net,Port Tracybury,Solomon Islands
1178,Daniel Williams,daniel57@example.net,Medinachester,Solomon Islands
1179,Daniel Bowman,courtney02@example.org,Christopherfurt,Micronesia
1180,Bethany Kelly,xcontreras@example.net,West Denise,Saint Vincent and the Grenadines
1181,Jill Gonzalez,mrodriguez@example.net,Wardmouth,Namibia
1182,Matthew Rhodes,daviskatherine@example.org,Samanthachester,Iraq
1183,Olivia Howard,kaylascott@example.net,Port Kathrynview,Gabon
1184,Emily Carpenter,usalinas@example.com,Thompsonland,Christmas Island
1185,Sara Turner,benjamin04@example.com,Sullivanmouth,Mauritius
1186,Warren Frye,baldwindaryl@example.com,East James,Vanuatu
1187,Bethany Nguyen,maldonadojennifer@example.com,Lisaville,Taiwan
1188,Steven Howell,colleen81@example.com,Port Loriland,Niger
1189,Stephanie Chapman,imanning@example.org,South Michael,Nepal
1190,Amanda Hall,qgarcia@example.org,East Alexis,Bangladesh
1191,Michael Schultz,michael22@example.net,Torresport,Micronesia
1192,Jimmy Gomez,pbautista@example.org,South Jim,Tokelau
1193,Dana Williams,zboyer@example.org,North Robert,Hungary
1194,Alicia Lee,dferguson@example.org,Lake Sonia,Holy See (Vatican City State)
1195,Brian Espinoza,james82@example.org,Lake Jasmine,Guam
1196,Tammy Jackson,spatterson@example.com,Charlesberg,French Southern Territories
1197,Jennifer Campbell,robertvazquez@example.com,West Williamtown,French Southern Territories
1198,Susan Romero,bryan07@example.com,East Amandaland,Belgium
1199,Mr. Malik Bell,lopeztanya@example.com,East Terrance,Syrian Arab Republic
1200,Alexis Wilson,regina70@example.org,Jilltown,Rwanda
1201,Michael Reyes,wanderson@example.org,South Todd,Spain
1202,Joshua Schmidt,miranda07@example.com,Lewisfort,Suriname
1203,Paul Rice,kelly64@example.org,Mckenzieland,Niue
1204,Lori Short,martinezlinda@example.net,South Robertburgh,Martinique
1205,Justin Mcintyre,douglasnichols@example.com,West Kellyburgh,Libyan Arab Jamahiriya
1206,Daniel Ford,ichristensen@example.net,Amandafurt,Sierra Leone
1207,Jennifer Gordon,rhill@example.net,Timothyland,Malawi
1208,Wayne Armstrong,daniel57@example.com,Ryanside,Sri Lanka
1209,Gregory Wright Jr.,nwilkinson@example.org,Toddchester,Falkland Islands (Malvinas)
1210,Matthew Rogers,ecosta@example.org,Parkerfort,Norway
1211,Tyler Adams,brianmiller@example.org,Nicolefort,Korea
1212,Summer Hall,jason15@example.org,Jasonborough,Nepal
1213,Mary Williamson,harrissusan@example.net,Brentfurt,Solomon Islands
1214,Lori Perez,irobles@example.org,Jordanfurt,Saint Helena
1215,Ryan Smith,krogers@example.org,New Ericburgh,Pakistan
1216,Misty Martin,rbennett@example.net,Nicolechester,Cocos (Keeling) Islands
1217,Erica Murray MD,weaverolivia@example.org,Port Sonia,Libyan Arab Jamahiriya
1218,Shannon Potts,nstephenson@example.com,Adriantown,Liechtenstein
1219,Thomas Patel,anthonyphillips@example.org,Johnsonton,Guinea-Bissau
1220,Jessica Garza,carolynsmith@example.com,Dawsonport,Tunisia
1221,Evan Thomas,jeremymorrison@example.net,Donovanton,Guatemala
1222,Jeremy Edwards,braybrittany@example.com,Port Sherristad,Kuwait
1223,Kendra Rodriguez,daughertybrenda@example.com,Ramosborough,Belgium
1224,Jonathan Smith,barnesaaron@example.com,Port Ryan,Guinea-Bissau
1225,Latasha Alexander,ymcguire@example.org,Keithborough,French Polynesia
1226,Justin Smith,fisherarthur@example.org,Judyport,Jersey
1227,Garrett Williams,scott74@example.net,Salazarton,Brunei Darussalam
1228,Meagan Cohen,megan18@example.org,Thompsonland,Guatemala
1229,Douglas Turner,wilsonkelli@example.net,Emilychester,Solomon Islands
1230,Donald Ward,kevin78@example.net,Edwardschester,Kazakhstan
1231,Blake Harris,patricia06@example.com,Troyview,Chad
1232,Terry Johnson,markodom@example.net,East Cynthiaville,Uganda
1233,Tami Lopez,zwest@example.com,Port Gerald,Kenya
1234,Ann Clark,bryanwatkins@example.net,Snyderland,Gabon
1235,George King,colleen82@example.org,Port Angelamouth,Slovenia
1236,Kristen Jenkins,ssmith@example.org,Jessicaville,Iraq
1237,Sara Mills,dana55@example.com,Angelaburgh,France
1238,Sara Lowe,ariana03@example.net,Montgomeryton,Tajikistan
1239,Lisa Myers,rtaylor@example.net,New Natashashire,Cambodia
1240,Taylor Wyatt,amandabennett@example.com,Codyborough,Mauritius
1241,Michael Monroe,ian22@example.com,Michaelhaven,Jersey
1242,Jonathan Barrett,jerry27@example.net,West Elizabeth,Guinea-Bissau
1243,Jason Kennedy,christian58@example.net,New Stephanieview,Timor-Leste
1244,Gloria Fox,clarkeisabel@example.net,New Michaelshire,Tanzania
1245,Jessica Cole,ugreen@example.org,North Rachel,Turkey
1246,Christopher Mosley,prussell@example.net,Harmonport,Cuba
1247,Jennifer Hendrix,jerryhayes@example.org,Tracytown,Martinique
1248,John Williams,cathyibarra@example.net,Samanthastad,Australia
1249,Melissa Boone,jason71@example.net,Foxville,Mayotte
1250,Stephen Lowe,qkrause@example.org,Goodmantown,Mauritius
1251,James Barber,lkennedy@example.org,Frankside,Italy
1252,Chad Williams,priscilla20@example.org,Lake Aaron,Cook Islands
1253,Amy Mora,cbrown@example.org,Michellemouth,Madagascar
1254,Leslie Lowe,mccormickjacqueline@example.net,North Michele,Guam
1255,Carrie Hernandez,annduncan@example.org,North Craigmouth,Luxembourg
1256,Kylie Aguilar,chavezjose@example.net,East Thomas,Czech Republic
1257,Deborah Thompson,colonjackie@example.net,North Paula,Gibraltar
1258,Ana Brown,williamssara@example.com,Tylerfurt,Cote d'Ivoire
1259,Shawn Sanchez,tnorton@example.net,Davidchester,Heard Island and McDonald Islands
1260,Nicholas Davila,abigail27@example.org,Jasonside,Northern Mariana Islands
1261,Anthony Wood,rgutierrez@example.com,Alyssaville,Colombia
1262,Nicole Gallegos,crystal84@example.org,Bowmanberg,Costa Rica
1263,James Mitchell,mbrown@example.org,Johnport,Seychelles
1264,Kim Gibson,howardsamantha@example.com,South Lesliehaven,Paraguay
1265,Tammie Rodriguez,cathy39@example.net,Jennifermouth,Slovenia
1266,Melissa Mata,kmiller@example.org,New Mitchellfurt,Iran
1267,Karen Rodriguez,award@example.com,West Stevenhaven,Kyrgyz Republic
1268,Thomas Mcpherson,kathleen85@example.com,Josephton,Netherlands
1269,Joseph Lawrence,markholland@example.net,Williamsfort,Cyprus
1270,Christopher Newman,john79@example.com,East Patriciatown,New Zealand
1271,Joshua Chen,tonibutler@example.org,Jamesview,Mongolia
1272,Sherri Watkins,shermanrobert@example.org,South Crystalside,Namibia
1273,Joseph Howard,thomasdenise@example.com,Lake Charlesland,Turkey
1274,Kayla Eaton,danalester@example.net,South William,Bermuda
1275,Larry Branch DDS,adrienne43@example.com,West Shelbyside,Congo
1276,Kimberly Jones,kelly96@example.com,North Pamela,Latvia
1277,Jamie Davis,dsmith@example.net,South Kevintown,Vanuatu
1278,Martha Williams,nathanmccoy@example.net,Sarahview,Pakistan
1279,David Bruce,oliverjorge@example.net,Lauraborough,Slovenia
1280,Michelle Saunders,katherine02@example.com,Watkinsborough,Central African Republic
1281,Amanda Taylor,nchan@example.net,East Alan,Monaco
1282,Katie Guzman,mullinsmelissa@example.net,South Stephaniemouth,Russian Federation
1283,Cassie Morgan,michael78@example.com,East Annetteburgh,Hong Kong
1284,Alicia Ward,zmoore@example.net,Duncanbury,Nepal
1285,Dr. Nicole Reyes DVM,ywheeler@example.org,Donaldview,Central African Republic
1286,David Hendricks,edward79@example.net,Port Jasonview,Malawi
1287,Michele Jones,vgarcia@example.com,West Donnatown,British Virgin Islands
1288,Gregory Martin,stonejerome@example.net,Davischester,Belgium
1289,Veronica Frazier,ubird@example.com,Brownfort,Libyan Arab Jamahiriya
1290,David Miller,harriskari@example.org,New Dannyville,Turkmenistan
1291,Lisa Gutierrez,westmelissa@example.com,West Christopher,Saudi Arabia
1292,Tracy Lutz,joseph31@example.com,Port Stevenshire,Saint Vincent and the Grenadines
1293,Brandon Allen,mmiller@example.net,Port Stacy,Oman
1294,David Murphy,agibbs@example.org,Smithport,Turkmenistan
1295,Vanessa Rodriguez,zlawrence@example.org,Lake Louis,Dominican Republic
1296,Jessica Briggs,townsendkatrina@example.com,East Stephanieburgh,Gibraltar
1297,Melinda Reyes,kyle79@example.net,Clarktown,Nicaragua
1298,Dawn Harris,johnrodriguez@example.net,Lake Andrewborough,Algeria
1299,Debra Peters,courtneyfowler@example.net,New Kimberlyfurt,Saint Kitts and Nevis
1300,Kristin Garcia,ljones@example.org,Morsebury,Bangladesh
1301,Brian Schroeder,kaylavance@example.net,Ericachester,Slovakia (Slovak Republic)
1302,James Davis,maxwellcrystal@example.com,Bryanshire,Swaziland
1303,Kelly Hodge,jacob30@example.net,West Anthonystad,French Southern Territories
1304,Stacey Haynes MD,thomas90@example.com,Robinsonfort,Guyana
1305,Zachary Perry,andreacortez@example.org,Larrybury,Zimbabwe
1306,Teresa Reyes,hooveralexander@example.net,East Karenhaven,Malta
1307,Johnny Jordan,glendahiggins@example.com,West Shane,New Caledonia
1308,Dawn Brown,ycampbell@example.net,Walterview,Vanuatu
1309,Kevin Davis,gabriellawson@example.org,East Jessica,Norfolk Island
1310,Tammy Long,nsullivan@example.org,Petersonborough,Korea
1311,Kristine Cox,liuchristopher@example.com,Lake Lindsayton,Netherlands
1312,Miss Karen Miller,smithmatthew@example.com,Wilsonstad,Niger
1313,Sarah Anderson,kmiller@example.org,Norrischester,Mozambique
1314,Patrick Johns,tammyellis@example.net,East Adamburgh,Mozambique
1315,Rachel Solis,thomas08@example.net,East Pedrostad,Saint Pierre and Miquelon
1316,Kelly Hodge,hannahbeck@example.org,Meghanville,Kenya
1317,Dr. Jill Hernandez,mistyjimenez@example.net,Martinborough,Cocos (Keeling) Islands
1318,Misty Boyd,ihall@example.net,Lambertfort,Tonga
1319,Aaron Vazquez,mark45@example.com,North Stephanieberg,Anguilla
1320,Pamela Calhoun,noah31@example.org,Hallside,Mali
1321,Angela Vasquez,shannonsanchez@example.com,South Emily,Algeria
1322,Stacey Matthews,jay69@example.org,Lambertport,Bouvet Island (Bouvetoya)
1323,Michael Charles,jennifermiller@example.net,North Benjamin,Mongolia
1324,Brian Rogers,oortiz@example.org,Stephenside,Croatia
1325,Maria Jefferson,debradavis@example.com,Watsonchester,El Salvador
1326,Debra Williams,abbottkatherine@example.net,Ruthmouth,Isle of Man
1327,Patricia Garrison,karen78@example.com,Juliaport,Vietnam
1328,Rachel Richardson,richardwilliams@example.org,Patriciatown,Martinique
1329,Mikayla Lopez,fboyer@example.org,East Shannon,Myanmar
1330,Kristi Hughes,natalie85@example.com,Dennisfurt,Moldova
1331,Hayley Pierce,wilsonstephanie@example.org,South Juliashire,Chile
1332,Kimberly Snyder,wendy58@example.net,Bartlettport,Angola
1333,Julie Cruz,roger13@example.net,Myersmouth,Northern Mariana Islands
1334,Kelly Shepherd,geraldflynn@example.org,North Angelaville,Cambodia
1335,Kathleen Dorsey,wolfraymond@example.net,East Coryport,Ethiopia
1336,Steven Williams,connordixon@example.org,Port Elaineside,Ecuador
1337,Robert Green,reyesaustin@example.com,Edwintown,Nepal
1338,Jason Wright,williamsmichael@example.org,Lawsonbury,Madagascar
1339,Eddie Hodge,jeffreyanderson@example.com,Lake Stephanie,Congo
1340,Katelyn Lee,smithrichard@example.com,South Dakota,Eritrea
1341,Steven Murray,matthew83@example.org,Perezville,Puerto Rico
1342,Veronica Zamora,ibrown@example.org,Lake Bradley,Western Sahara
1343,Sophia Baker,sydney07@example.com,East Jonshire,Thailand
1344,Christine Gibson,ncarrillo@example.org,Rhodeshaven,Egypt
1345,Daniel Rivera,melendezbrittany@example.net,Davisview,Korea
1346,Amy Smith,alvareztyler@example.net,South Gregoryton,Angola
1347,Nicholas Monroe,nancymoreno@example.org,Edwardfort,Holy See (Vatican City State)
1348,Robert Oneill,abryan@example.org,Kellyton,Sierra Leone
1349,Jennifer Rowe,martincameron@example.org,Lake Frederick,Saint Barthelemy
1350,Robert Webster,richardmiller@example.org,Johnview,Grenada
1351,Christina Hernandez,ecoleman@example.net,Reginaville,Honduras
1352,Jennifer Noble,tammyharrison@example.org,Garretttown,Oman
1353,Gail Brown,amy08@example.org,Bishopview,Chile
1354,Timothy Gibson,ggibson@example.org,Alexisview,Western Sahara
1355,Sharon Hodge,christine08@example.net,Port Brian,Cook Islands
1356,Patricia White,adrianlogan@example.net,Orrville,Saint Vincent and the Grenadines
1357,Lisa Mckinney,william49@example.net,Allenshire,Western Sahara
1358,Mrs. Kelly Chang,ihughes@example.org,Kathleenshire,Denmark
1359,Stephen Brown,nhamilton@example.net,Harrisville,Austria
1360,Brittany Harmon,tbarnes@example.org,Port Elaineberg,Mozambique
1361,Mathew Alvarez,imorgan@example.com,Hernandezberg,Central African Republic
1362,Peter Taylor,nhenry@example.org,East Jeffreyburgh,Kiribati
1363,James Webster,samantha85@example.org,Johnfurt,Norfolk Island
1364,Randall Green,adammitchell@example.org,Carsonmouth,Uganda
1365,Michael Barnett,leslie73@example.org,Tarastad,Northern Mariana Islands
1366,Jennifer Fuentes,usmith@example.org,Williamsbury,French Polynesia
1367,Louis Garner,eric01@example.com,Villanuevamouth,Tunisia
1368,Jeffrey Brown,robert75@example.net,Spencerchester,Guyana
1369,Daniel Morris,heather61@example.com,Lake Andrewmouth,United States of America
1370,Ryan Fields,victoria45@example.net,New Lindsey,Namibia
1371,William Wilson,christopher43@example.org,Port Amandamouth,Zambia
1372,Steven Moore,andrewwalker@example.com,Gregoryhaven,Sri Lanka
1373,Gina Hogan,julie12@example.com,Bowmanshire,French Southern Territories
1374,Kevin Gould,joshua42@example.org,Heatherville,Benin
1375,Julia Davis,zanderson@example.com,Port Loritown,Saint Barthelemy
1376,Michael Bradley,scottcarrillo@example.com,North Katelyn,South Africa
1377,Michael Olson,abigailsmith@example.com,North James,United States Virgin Islands
1378,Jerry Smith,elizabeth67@example.com,New Aaron,Antarctica (the territory South of 60 deg S)
1379,Natasha Hall,holly67@example.net,Port Alan,Bouvet Island (Bouvetoya)
1380,Holly Wise,charlotteforbes@example.net,West Carlos,Zimbabwe
1381,Jennifer Gonzalez,dhobbs@example.org,Hammondview,Albania
1382,Richard Anderson,zsmith@example.com,Port Jaimeville,Guyana
1383,Nicole Dunn,gailmatthews@example.net,Huntton,Saudi Arabia
1384,Sara Meyer,lori99@example.net,Richstad,Jersey
1385,Kimberly Watts DDS,bryantjulie@example.com,Haydenfurt,Liechtenstein
1386,Sheryl Zimmerman,patriciaperez@example.org,Valeriechester,Peru
1387,Jordan Lee,andersonbrian@example.com,Nathanmouth,Paraguay
1388,Andrew Weber,shaun65@example.org,New Lisatown,Brazil
1389,Beth Ruiz,swood@example.org,South James,Papua New Guinea
1390,Theresa Lee,phardy@example.net,Lake Cathy,Guatemala
1391,Edward Wolf,jacobtrujillo@example.org,North Annette,Cuba
1392,Brianna Johnson,lee78@example.net,Jenniferchester,Australia
1393,Robert Blackburn,jeffreymullen@example.com,Collinsberg,Jersey
1394,Melissa Wood,yharris@example.org,East Katherineburgh,Denmark
1395,Thomas Moore,kennethbowers@example.net,New Shannonstad,Togo
1396,Jacob Torres,ykelly@example.com,Lake Dana,Gabon
1397,Cody Baker,munoztami@example.net,North Kristenville,Malta
1398,Rebekah Davis,christopher18@example.com,South Elijah,Albania
1399,Tiffany Wood,johnsonshannon@example.org,Ballhaven,Tanzania
1400,Catherine Bowers,ewagner@example.net,South Veronica,Guadeloupe
1401,Dr. Guy Cook,brendamorris@example.net,South Angelamouth,Aruba
1402,Elizabeth Torres,mullinsrachel@example.net,Riverschester,Anguilla
1403,Brenda Kirk,jacquelineyoung@example.org,East Gregorymouth,Malta
1404,Mr. Tony Weber,griffinjoseph@example.org,Johnsonton,China
1405,Peter Johnson,christopher11@example.com,Nealborough,Lesotho
1406,Michael Cole,jmorrison@example.com,North Traceyburgh,Vietnam
1407,David Holmes,xfigueroa@example.org,Lake Lisafurt,Rwanda
1408,Wesley Boyer,mcdanielrobert@example.com,Nicholasmouth,India
1409,Cheryl Moody,shieldsdaniel@example.com,East Michaelside,Latvia
1410,Edward Case,stevenashley@example.net,East Ashleychester,Dominican Republic
1411,Brian Mcdaniel,halljohn@example.net,Sanchezmouth,Lithuania
1412,Linda Green,charles91@example.org,North Donald,Nepal
1413,Joanna Torres,gkelley@example.com,Veronicashire,Fiji
1414,Nathan Terrell,kingdonald@example.org,East Pamelaview,Hong Kong
1415,Rhonda Jenkins,glopez@example.com,New Christopher,Philippines
1416,Angela Rodriguez,john22@example.com,North Ginaton,Spain
1417,Sandra Johnson,kingpatrick@example.com,Robinshire,Niue
1418,Anthony Hunter,jordan04@example.com,Lake Jodi,Finland
1419,Connie Richmond,wduran@example.net,Philipview,El Salvador
1420,Joseph Neal,kimberly09@example.com,South Willieville,Haiti
1421,Mr. Joshua Miller,inguyen@example.com,Lake Vicki,Cyprus
1422,Jessica Richard,adrian66@example.net,Lake Kenneth,Iran
1423,Jane Sparks,klogan@example.org,North Kyle,Saudi Arabia
1424,Kathy Morales,rebecca00@example.org,Millerburgh,Guinea
1425,Wanda Lopez,vwilliamson@example.com,Michaelmouth,Ukraine
1426,James Nichols,angela89@example.com,Port Daniel,Martinique
1427,Cory Howard,marquezbrian@example.org,Zacharyland,Bahamas
1428,Shawn Dougherty,curtismarsh@example.org,Dakotaville,Cuba
1429,Thomas Jackson,johnsonchristopher@example.org,North Rachelview,Algeria
1430,Catherine Spence,charlotte75@example.com,Port Jennifer,Andorra
1431,Gina Santiago,jasonmorris@example.org,North Charlesstad,Lesotho
1432,Lauren Williamson,aporter@example.com,North David,Rwanda
1433,Courtney Bowman,cummingsrobert@example.com,Nicholasfort,Moldova
1434,Lisa Patterson,josephsanchez@example.org,Mclaughlinland,Saint Pierre and Miquelon
1435,Karen Phillips,harrispatricia@example.net,Brownborough,Armenia
1436,Scott Castillo,jamesbarry@example.net,Sabrinaside,Korea
1437,Courtney Cameron,bmartinez@example.com,Jasonberg,Holy See (Vatican City State)
1438,Christopher Stevens,sabrinarivera@example.net,Joneschester,Mayotte
1439,Jennifer Mercado,krystalcox@example.net,Hawkinston,Martinique
1440,Gordon Jordan,kruegervictoria@example.org,West Katherine,Turks and Caicos Islands
1441,Amber Rodgers,william97@example.org,Meganshire,Cameroon
1442,Charles Taylor,xwatson@example.com,West Tim,Timor-Leste
1443,Gary Espinoza,jhoward@example.com,Port Carrieshire,Hong Kong
1444,Robert Taylor,christina50@example.com,Sarahmouth,Sweden
1445,Preston Espinoza,henrytate@example.com,East David,Tonga
1446,Thomas Day,wendywolfe@example.com,North Ericchester,Niue
1447,Jacqueline Ware,andrew10@example.org,Kathrynland,Palestinian Territory
1448,Jay Chambers,michaelcolon@example.org,Chadfort,Monaco
1449,Paul Cannon,jennifer99@example.org,Pattystad,Turks and Caicos Islands
1450,Miguel Bennett,howecasey@example.net,East Amanda,Rwanda
1451,Jasmine Huerta,murphykathy@example.net,Jenniferton,Switzerland
1452,Mark Carter,kimberly11@example.net,Medinaburgh,Yemen
1453,Kelly Powell,charlotte06@example.org,Jacksonmouth,Australia
1454,Richard Green,rosethomas@example.net,South Amanda,Saint Kitts and Nevis
1455,Luis Weiss,christinewarner@example.org,Suzanneside,Belgium
1456,Rebekah Peterson,ann95@example.net,Lake Barbaraville,Saudi Arabia
1457,Steven Maxwell,bryanjessica@example.org,Kerriport,Tuvalu
1458,Dr. Sarah Rocha,morrissamuel@example.org,Huynhstad,Seychelles
1459,James Burns,richardsontimothy@example.org,Port Nataliefurt,Kazakhstan
1460,Patrick Wells,robertsrebecca@example.com,New Tiffanyside,Dominican Republic
1461,Kathryn Collins,sean48@example.com,Parkerville,Bangladesh
1462,Mrs. Pamela Peck,alexhill@example.com,Calebshire,Kazakhstan
1463,Ashley Davis,colemanthomas@example.com,Crystalview,Iceland
1464,Ashley Andrews,tamara34@example.com,Danielleborough,Greece
1465,Cindy Sharp,iperry@example.org,North Robertside,Ireland
1466,Mark Mendoza,richardnelson@example.org,South Emily,Canada
1467,Janice Welch,veronicabrown@example.net,Barnettview,Netherlands
1468,Sara Preston,peterrogers@example.net,East Marthaport,Hong Kong
1469,Brooke Barrett,veronicagilbert@example.net,Port Beverlychester,British Indian Ocean Territory (Chagos Archipelago)
1470,Eric Parker,amberclarke@example.com,Jacksonton,Angola
1471,Allison Olson,gpatton@example.net,Lake Josephview,Chad
1472,James Tate,brittanyperez@example.net,Tuckerville,Kiribati
1473,James Rodriguez,lhayes@example.org,Alisonbury,Vanuatu
1474,Ashlee Reed,castrolinda@example.com,Christinafurt,South Georgia and the South Sandwich Islands
1475,Kristen Morris,benjaminklein@example.net,West Sarahstad,Vanuatu
1476,Matthew Brown,sherryburns@example.net,Deniseland,Chile
1477,Karen Davis,theodorebrown@example.org,Hallmouth,Saint Barthelemy
1478,Cody Dennis,jacob80@example.com,East Richard,Kazakhstan
1479,Denise Payne,xcarroll@example.com,Port Rachel,Norway
1480,Jonathan Michael,christine60@example.org,Port Briannatown,Czech Republic
1481,Anna King,sandovalamanda@example.org,Port Cindyborough,Jamaica
1482,Stephanie Davis,swalters@example.com,West Tiffany,Angola
1483,Annette Stout,johncallahan@example.org,Katherineville,Myanmar
1484,Nicholas Hanna,edward12@example.net,Braunfort,Kenya
1485,Tonya Payne,daniel02@example.net,West Joshuamouth,Cuba
1486,Sean Bullock,mpugh@example.org,West Mistytown,Korea
1487,Nicole Esparza,brenda36@example.com,Fisherborough,Tanzania
1488,Teresa Perez,angelajackson@example.com,Sarahchester,Bangladesh
1489,Caitlyn Vasquez,andrewmcdaniel@example.com,Staceyborough,Azerbaijan
1490,Kaitlyn Bean,iwilson@example.org,Lake Chelseachester,Martinique
1491,Christopher Dennis,qthomas@example.net,Ramosbury,Italy
1492,Candice Daniels,santoserika@example.com,Kennedyshire,Sweden
1493,John Vaughan,eschneider@example.com,New Taylor,Samoa
1494,Tony Barnes,valerie42@example.net,Lake Sarahside,Burundi
1495,Matthew Thompson,shannon59@example.net,Howardview,Gibraltar
1496,Juan Kennedy,karen61@example.org,Joshualand,Madagascar
1497,Victor Terrell,ericamay@example.com,New Shawn,Bolivia
1498,Steven Stephens,lauren40@example.net,West Tiffanymouth,Albania
1499,Brittany Robinson,tanya94@example.org,Fosterport,Qatar
1500,Brandon Young,lprice@example.org,West Tyler,French Southern Territories
1501,David Ramirez,jeremy12@example.org,Murphychester,Falkland Islands (Malvinas)
1502,Thomas Miller,angelicaortega@example.net,Port Matthewbury,Haiti
1503,Brett Smith,millerjennifer@example.net,Stephenfurt,Libyan Arab Jamahiriya
1504,Vincent Saunders,hannahcole@example.net,Lynnshire,Djibouti
1505,Robert Campbell,teresa94@example.com,Darrylport,United States Minor Outlying Islands
1506,Debra Stevenson,taylorsean@example.org,Darrellport,Saudi Arabia
1507,Vanessa Stewart,brian53@example.com,East Anthony,Ecuador
1508,Travis Rivera,kimberly02@example.org,Cassandraton,Romania
1509,Jordan Coffey PhD,longjessica@example.net,New Cynthiastad,Mali
1510,Mary Randall,bbell@example.org,East Jorge,Belarus
1511,Loretta Mills,johnsondenise@example.net,Justinview,Sri Lanka
1512,Gary Smith,thomas76@example.com,West Nicoleland,Syrian Arab Republic
1513,Michael Castro,james10@example.org,Lake Rhonda,Jordan
1514,David Johnson,patriciaalexander@example.com,Nobleview,Nigeria
1515,Carlos Ross,louislogan@example.net,Jonesport,Vietnam
1516,Patrick Johnson,ronald58@example.org,Andersonfort,Bahrain
1517,Gregory Wyatt,haydenzachary@example.com,Port Elizabethhaven,Brunei Darussalam
1518,Gabriela Ross,sbrown@example.net,East Christymouth,Estonia
1519,Elizabeth Rodriguez,julie51@example.net,Johnnyfort,Latvia
1520,Robert Herman,vscott@example.org,Port Brandon,India
1521,Taylor Arellano,schmidtconnie@example.net,Marissaside,Slovakia (Slovak Republic)
1522,Timothy Collins,stevensholly@example.org,West Amy,Paraguay
1523,Brian Jones,simonjustin@example.net,Carlsonstad,Cameroon
1524,Ashley Reid,emily25@example.org,Davidfort,Belarus
1525,Stephen Rodriguez,amanda27@example.net,Port Stacy,Panama
1526,Tiffany Snyder,marcushartman@example.net,Port Jennifer,Dominican Republic
1527,Faith Thomas,paul81@example.net,Walkerport,Tuvalu
1528,Bryan Riddle,awhite@example.com,Bryantfurt,Japan
1529,William Turner,diana90@example.com,Murphytown,Ecuador
1530,Jill Davis,wrightmichelle@example.com,Andrewmouth,Saint Kitts and Nevis
1531,Ryan Ellis,hilljulie@example.org,Leehaven,Mali
1532,Karen Stanley,katiemichael@example.com,North Alex,Pitcairn Islands
1533,Joshua Miller,sarahjohnson@example.org,Kellyport,Bangladesh
1534,Theodore Monroe,david45@example.net,Douglasshire,Portugal
1535,Kimberly Juarez,janet17@example.net,Millerton,Germany
1536,Garrett Gonzalez,smithjonathan@example.com,Bellport,Saint Kitts and Nevis
1537,Ryan Ortiz,kendra11@example.net,Seanview,Vietnam
1538,Douglas Hamilton,robert93@example.net,Lake Michaelside,Sierra Leone
1539,Kevin Miller,xparsons@example.org,Christinefurt,Libyan Arab Jamahiriya
1540,Oscar Berger,phyllisnelson@example.org,Davidburgh,France
1541,Savannah Moore,rodriguezamber@example.org,Port Kristy,Syrian Arab Republic
1542,Michelle Rios,robinsonlaura@example.net,Lake Erneststad,Cambodia
1543,Meghan Zavala,derekmartin@example.net,Port Tommy,Bermuda
1544,Michael Cortez,jordanrobert@example.org,New Staceychester,Azerbaijan
1545,Maria Tanner,amartin@example.com,Burgessfort,Maldives
1546,James Taylor,brittanygomez@example.org,Lake Douglasbury,Burundi
1547,Hector Scott,ambermitchell@example.net,North Stuart,Italy
1548,Kelly Patterson,amy70@example.org,East Benjamin,Serbia
1549,Veronica Lang,robertgoodwin@example.com,North Debratown,French Polynesia
1550,William Williams,colewhitney@example.net,Tiffanyview,Comoros
1551,Christopher Alvarez,jennifer32@example.net,Lake Nicole,Bermuda
1552,Jessica Jones,xfrederick@example.org,South Alan,Algeria
1553,Roger Owens,waltersmatthew@example.org,West Kaylamouth,Mali
1554,Wayne Rivers,annemoss@example.org,West Barbaraborough,United States Virgin Islands
1555,Barbara Davis,hodgesmelissa@example.com,Markston,Heard Island and McDonald Islands
1556,Ann Dean,ashleyjohnson@example.org,Joshuamouth,Venezuela
1557,Lindsey Hill,michael14@example.com,Carterborough,Cook Islands
1558,Randall Dickerson,jacobstyler@example.net,East Jennifer,Palau
1559,Hannah Garcia,rachel67@example.org,East Coreyside,Colombia
1560,Stephanie Patterson,ewilliams@example.com,Port Charles,Argentina
1561,Amy Parks,kari61@example.com,Kathrynburgh,Serbia
1562,Tracey Martinez,hmorales@example.com,West Hannahmouth,Reunion
1563,Steven Tate,tyler94@example.com,Elliottchester,Micronesia
1564,Tony Bowman,cynthiaevans@example.org,New Christian,North Macedonia
1565,Travis Edwards,klittle@example.org,Lake Jenniferbury,Cambodia
1566,Lisa Burns,gmorales@example.net,Lake Robinland,Japan
1567,David Martinez,bradysarah@example.com,North Erintown,Lithuania
1568,Donald Shaw,lori00@example.org,South Robertview,Egypt
1569,Morgan Diaz MD,martinjeffrey@example.org,Murrayport,El Salvador
1570,Anne White,michaelcrawford@example.com,West Brenda,Mexico
1571,Gilbert Gardner,jason12@example.org,Barbarachester,Kuwait
1572,Crystal Hall,amberrocha@example.com,East Laura,Moldova
1573,Brandon Porter,sdeleon@example.net,New Samantha,Algeria
1574,Christina Rose,sethboyer@example.org,Tomborough,Niger
1575,Stephen Cochran,michaelgarcia@example.com,Jessicaberg,Liberia
1576,Gina Alvarez,jessicaholloway@example.com,Jonathanton,British Indian Ocean Territory (Chagos Archipelago)
1577,Jennifer Hampton,christine72@example.net,North Rachel,Czech Republic
1578,Ricardo Weaver,kellysmith@example.com,Glendashire,Nicaragua
1579,Robert Price,xharrison@example.org,North Leslieburgh,Reunion
1580,Tracey Adkins,nicoleadams@example.org,West Ashley,Armenia
1581,Gregory Kim,ballardjoseph@example.com,Lake Robertmouth,Svalbard & Jan Mayen Islands
1582,Jamie Clark,zcross@example.com,East Brian,Saint Kitts and Nevis
1583,Craig Bowen,jreese@example.com,Sanchezbury,Kazakhstan
1584,Sheryl Owen,cassandrataylor@example.com,Kleinfort,Botswana
1585,Jason Beasley,douglasneal@example.net,Stevenberg,Cameroon
1586,Jamie Stevens,pchavez@example.com,West Peter,Korea
1587,Stephanie White,michaelmercer@example.net,Port Cheryl,Burundi
1588,John Ibarra,brenda97@example.org,Wilsonberg,Hungary
1589,Kristine Bullock,james06@example.com,South Dennis,Kazakhstan
1590,Ashley Rodriguez,dschwartz@example.com,Jacksonfort,Reunion
1591,Jordan Cochran,zpeters@example.net,Katherineland,Cyprus
1592,Angela Moore,davidshelton@example.org,Joseside,Malaysia
1593,Colin Taylor,pvillanueva@example.net,Aaronside,Romania
1594,Kim Peterson,richardsantos@example.net,Larashire,Chad
1595,Michael Moore,nrivera@example.com,Lauraburgh,Chad
1596,Scott Howard,mcowan@example.org,Kennedytown,Finland
1597,Julie Greer,aavila@example.net,Murphyshire,Cameroon
1598,Danielle Taylor,johnthompson@example.net,North Andrewfort,Qatar
1599,Charles Cohen,browndylan@example.net,Gutierrezshire,Seychelles
1600,Christy Vargas,wendyweaver@example.net,East Dwayne,Netherlands
1601,Joshua Romero,jstevens@example.com,Port Kenneth,Panama
1602,Jordan Flores,ldougherty@example.com,Susanfort,United States of America
1603,Alicia Thomas,staciematthews@example.org,West Kristin,Guinea-Bissau
1604,Pamela Townsend,kimberly51@example.net,West Glennton,Micronesia
1605,Katherine Morgan,harrisjason@example.net,North Meaganhaven,Argentina
1606,Terri Clark,francislisa@example.net,Port William,Western Sahara
1607,Timothy Murphy,zbuckley@example.com,South Tiffanychester,South Africa
1608,Mark Thompson,skelly@example.com,Rachelview,Ukraine
1609,Jessica Reeves,gary32@example.net,West Evelyn,Hong Kong
1610,Jennifer Rogers,dpitts@example.org,North Brian,Korea
1611,Donna Lopez,johnjames@example.com,Lisaport,Kenya
1612,David Mitchell,yharrison@example.com,Port Johnchester,Nepal
1613,Bonnie Lowe,melissa47@example.com,West Tracyberg,Lebanon
1614,Kimberly Byrd,eross@example.org,West Kristifort,Antarctica (the territory South of 60 deg S)
1615,Brandy Bennett,ymcclure@example.com,Kimberlybury,Monaco
1616,Vernon Allison DDS,ycurtis@example.com,Karenstad,Romania
1617,Anna Holt,smithvalerie@example.net,Ricardohaven,Cambodia
1618,Paula Murillo,djackson@example.org,Lake Melissa,Lithuania
1619,Stacy Warren,james21@example.org,Feliciashire,Liberia
1620,Tamara Flores,jessica44@example.com,Reedport,Dominican Republic
1621,Lindsay Smith,meganblack@example.com,North Samanthamouth,Eritrea
1622,Robert Rojas,mosesrachel@example.com,Katherineborough,Palestinian Territory
1623,Michelle Stout,eedwards@example.net,Patriciafort,Vanuatu
1624,Robert Patrick,julie55@example.net,Wellsside,Myanmar
1625,Dean Simmons,claydeborah@example.org,Lake Sarahfurt,Macao
1626,Curtis Decker,daniel80@example.org,Hardyshire,Guinea-Bissau
1627,Anthony Lee,qvaldez@example.net,Williamstown,British Indian Ocean Territory (Chagos Archipelago)
1628,Mckenzie Rodriguez,danielleanderson@example.net,Andersonstad,New Caledonia
1629,Randy Webb,stacy41@example.org,Leeburgh,Mayotte
1630,Kristin Williams MD,cbishop@example.org,South Ryanhaven,Cote d'Ivoire
1631,Victor Barnett,joel40@example.net,North Leah,Iran
1632,Daniel Richards,amandamaxwell@example.net,Lake John,Zimbabwe
1633,Raven Shannon DDS,hortonkimberly@example.com,New Debrachester,Egypt
1634,Jessica Lawson,daisyhensley@example.net,Valerieview,Heard Island and McDonald Islands
1635,Jasmine Evans,daisyphillips@example.net,Shawchester,Hong Kong
1636,Lorraine Williams,mezasara@example.net,West Rebecca,Netherlands Antilles
1637,Jennifer Friedman,ginagonzales@example.net,Pagestad,Montenegro
1638,Monica Owens,campbellrebecca@example.net,New Marymouth,Guatemala
1639,Amy Thompson,josephschwartz@example.org,North Joseph,Wallis and Futuna
1640,Ricky Cole,omendez@example.com,Lake Hollyhaven,Malawi
1641,Rebecca Olson,ldavis@example.net,Rogersshire,Honduras
1642,Jamie Robinson,wilsongeorge@example.net,Port Jessica,Taiwan
1643,Natasha Hernandez,qturner@example.org,Meyersshire,Guernsey
1644,James Lopez,erikaconley@example.com,Gregoryfurt,Ukraine
1645,Gail Mooney,melissa56@example.net,North Lori,Iraq
1646,Shawn Sanders,sharonferguson@example.com,Johnmouth,United Arab Emirates
1647,Dr. Gerald Harris,imoss@example.net,East Tyler,Greenland
1648,Mandy Curtis,bholt@example.net,South Scott,Bosnia and Herzegovina
1649,David Taylor PhD,jessicaklein@example.org,Josephmouth,Andorra
1650,Dr. Jimmy Brown,jennifergordon@example.net,North Jonathanberg,Kenya
1651,Crystal Sims,davidmorris@example.com,Cunninghamberg,Suriname
1652,Rebekah Buckley,amy67@example.org,Port Emily,United Arab Emirates
1653,Troy Arroyo DDS,melissacordova@example.net,South Michaelborough,Guyana
1654,Alec Coleman,anthonyhoward@example.com,Tammyberg,Albania
1655,Travis Golden,bowersmichael@example.net,Maureenburgh,Nigeria
1656,Teresa Perry,jamesherrera@example.net,South Stephen,French Guiana
1657,Dr. Amanda Shepherd,coreyhoffman@example.com,Lake Eddie,Mali
1658,Evan Neal,gomeztammy@example.org,Johnstonberg,Greenland
1659,Lisa Adams,everettmelissa@example.net,West Jasonbury,Bahamas
1660,Patricia Hill,floresmelissa@example.com,Rebeccastad,China
1661,Gregory Owens,gturner@example.com,Kelseychester,Cook Islands
1662,Adam Jackson,steven72@example.com,Port Russell,United States of America
1663,Craig Wood,lisajohnson@example.net,Olsenborough,Qatar
1664,Allison Noble,wlowe@example.com,Kaylamouth,Nicaragua
1665,Allison Romero,millslaurie@example.org,Harveyview,South Georgia and the South Sandwich Islands
1666,Diana Olsen,gfoster@example.com,Edwardville,Netherlands
1667,Jodi Guerrero,icooper@example.org,Port Karen,Sri Lanka
1668,Michael Wright,eyang@example.com,West Tony,Slovenia
1669,Lori Cunningham,shannon23@example.net,Lake Kristineland,Saint Helena
1670,Sierra Case,xgonzalez@example.com,Jamiehaven,British Indian Ocean Territory (Chagos Archipelago)
1671,Kevin Osborne,kbowers@example.com,Justintown,Korea
1672,Susan Scott,jenniferjordan@example.net,Maryhaven,Azerbaijan
1673,Carolyn Krueger,evasquez@example.com,Mendozaberg,Malaysia
1674,William Rodriguez,kaitlinward@example.net,Pennystad,Guadeloupe
1675,Barbara Phillips,scott05@example.org,East Erikborough,Macao
1676,Ryan Duke,thancock@example.org,Johnsonland,Kuwait
1677,Steven Harris,aarongross@example.com,West Lisa,Bhutan
1678,Ryan Buck,lindsaymitchell@example.org,Schwartzport,Saint Vincent and the Grenadines
1679,Robin Martinez,sarah96@example.net,Millermouth,Slovenia
1680,Cory Padilla,whorton@example.net,Port Christopher,Azerbaijan
1681,Samantha Steele,kimberly28@example.com,Benjaminville,India
1682,David Cordova,elizabeth38@example.com,Michaelstad,Bouvet Island (Bouvetoya)
1683,Ronald Zhang,melvin32@example.org,Michelletown,Italy
1684,Charles Reeves,donald47@example.com,South Paulborough,Qatar
1685,Rebecca Mahoney,imorales@example.org,Wadebury,New Zealand
1686,Yvonne Harrison,earlcollier@example.org,Jessefurt,Syrian Arab Republic
1687,George Mendoza,david79@example.org,West Kevinchester,Tajikistan
1688,Kimberly Rivera,sandrareyes@example.org,South Julie,Spain
1689,Karen Taylor,nicholasmiller@example.com,East Deborahfurt,Chile
1690,Brian Solomon Jr.,amystewart@example.com,Bryanshire,Liechtenstein
1691,Karen Brown,watsontina@example.com,Mcdowellside,Dominica
1692,Rachel Carter,heidi13@example.net,Rachelport,Papua New Guinea
1693,Patricia Luna,brandonmckenzie@example.com,East Kevinburgh,Andorra
1694,Steven Gardner,trevorandrews@example.org,New Samuelton,Algeria
1695,Tony Goodman,qalvarado@example.org,Lake Michaelville,Iran
1696,Sean Gross,johnstone@example.net,New Kirkbury,Algeria
1697,Kimberly Mccarty,lrobinson@example.com,Carolborough,Fiji
1698,Samuel Mason,stonezachary@example.net,Farrellport,Kiribati
1699,Jesse Williams,sullivanjames@example.com,Wendyburgh,Dominica
1700,Taylor Price,allison95@example.net,Dominiqueview,Montenegro
1701,Michael Tate,russellmarquez@example.org,Adrianstad,Iran
1702,Robert Bates MD,coreybaird@example.net,Whiteland,Samoa
1703,Ian Reeves,jose53@example.net,New Kathryn,Turkey
1704,April Ho,timothymoody@example.org,Bradshire,Algeria
1705,Tina Castillo,hnguyen@example.com,Davisberg,Tajikistan
1706,Patricia Johnson,robert07@example.org,Port Larry,Hungary
1707,Susan Smith,kerripeterson@example.com,Brianview,Fiji
1708,Danielle Williams,tony97@example.com,Joshuaborough,Brunei Darussalam
1709,Jared Davis,wdaugherty@example.com,Griffithview,Syrian Arab Republic
1710,Mitchell Mills,christina76@example.net,New Randall,Panama
1711,Melanie Davis,tlee@example.org,North Adamview,Isle of Man
1712,Brett Turner,danielpetersen@example.net,Angelaside,Chad
1713,Mark Taylor III,mitchelladam@example.org,North Briannaland,Mauritius
1714,Jose Peck,gwilliams@example.com,West Jordan,El Salvador
1715,Robert Weber,murphymichael@example.net,Jonestown,Turkmenistan
1716,Kenneth Nunez,jeff60@example.com,East Joshuafort,Sri Lanka
1717,Michael Moore,joshua03@example.org,Frazierchester,Latvia
1718,Sydney Davis,michael65@example.com,Veronicaberg,Norfolk Island
1719,David Walton,esimon@example.com,South Ericside,Cayman Islands
1720,Angela Ramsey,matthewberg@example.net,South Natasha,Martinique
1721,Barbara Wright,whitneyhall@example.org,Port Michael,Equatorial Guinea
1722,Glen Wilkerson,wharrison@example.net,Margaretview,Liberia
1723,Julian Porter,rachelburke@example.com,West Steveport,New Zealand
1724,Jon Robinson,brownbarbara@example.org,Kelseystad,Lesotho
1725,Martha Young,christineyoung@example.com,Wardville,Nicaragua
1726,Michael Johnson,qmorris@example.org,Christopherburgh,Niger
1727,Frances Watson,ikent@example.org,Watsonhaven,Switzerland
1728,Tyler Fernandez,josephwilliams@example.com,Brianburgh,Comoros
1729,Mr. Christopher Bryant,leebryan@example.net,Michaelburgh,Kyrgyz Republic
1730,Kyle Underwood,gordonwilliams@example.com,Ballardshire,China
1731,Roger Lopez,jonathan95@example.net,Lake Suzannetown,Ghana
1732,Brenda Cruz,matthew93@example.net,Tanyaburgh,Austria
1733,Heather Decker,hickschad@example.net,New Jenniferfort,Albania
1734,Alicia Young,david81@example.com,South Tiffanyhaven,Latvia
1735,Christopher Anderson,lance17@example.net,Danielborough,Gibraltar
1736,Teresa Mckinney,heather09@example.org,Hendrixfurt,China
1737,Jeffrey Hall,orodriguez@example.org,Sabrinaberg,British Virgin Islands
1738,Travis Johns,tammy48@example.net,Janiceshire,Benin
1739,Michael Curtis,rgarner@example.net,Gabrielmouth,Kiribati
1740,Jamie Ritter,clarksamantha@example.com,Rachelmouth,Saint Lucia
1741,Matthew Conley,allisonsimpson@example.net,New Mary,Nauru
1742,Sally Watson,koliver@example.com,Loweton,Senegal
1743,Charles Kelley,sosalaurie@example.com,East Anthony,Netherlands Antilles
1744,Ashley White,finleymelinda@example.net,Natalieport,Norway
1745,Melissa Cruz,coletimothy@example.org,West Kayla,Trinidad and Tobago
1746,Robert Jackson PhD,silvatyler@example.net,Port Joshua,Cote d'Ivoire
1747,Paul Gallegos,shannon43@example.com,Lake Nathan,Saint Vincent and the Grenadines
1748,Billy Young,sherryperry@example.net,Kimport,Central African Republic
1749,Brian Freeman,masoncase@example.net,North Brendastad,Vietnam
1750,James Shaw,laura10@example.org,Hancockville,Dominica
1751,Gregory Ramirez,xthomas@example.org,West Gloria,Palestinian Territory
1752,Joseph Long,bullockdominic@example.org,Johnsonburgh,Botswana
1753,Mary Pratt,walkersheila@example.com,Kristinfort,Haiti
1754,Kelly Shields,robertwagner@example.net,Lake Stevenhaven,Ethiopia
1755,Shannon Maldonado,rosebarry@example.net,West Robertview,Iraq
1756,Jonathan Weaver,alexandria11@example.com,East Kristina,Bosnia and Herzegovina
1757,Christina Hall,crystalharvey@example.org,Port Amyberg,Ireland
1758,Sean Osborne,jrodriguez@example.net,Rogertown,South Georgia and the South Sandwich Islands
1759,Rebecca Anderson,xellis@example.org,North Bryanborough,Azerbaijan
1760,Catherine Gutierrez,victoriawilliams@example.net,South Larryton,United Kingdom
1761,Frank Peterson,nguyenkim@example.org,Port Kimberlychester,Saint Kitts and Nevis
1762,Whitney Rodriguez,colewilliam@example.org,Lake Rebecca,Tonga
1763,Seth Johnson,daniel56@example.net,Davidchester,Uganda
1764,Russell Sherman,carriepittman@example.org,Tylerland,Sri Lanka
1765,Renee Weaver,xferguson@example.com,West Heathershire,Ghana
1766,Jaclyn Bright,robertsjames@example.org,Kendraburgh,Liberia
1767,Alexa Smith,tfisher@example.com,North Suzannefort,Bosnia and Herzegovina
1768,Dennis Wolf,davila@example.org,New Gary,Bosnia and Herzegovina
1769,Jerry Kennedy,jane71@example.com,Wilsonside,Mayotte
1770,Jacob Smith,hoodgene@example.net,South Jessicaton,Central African Republic
1771,Michael Williams,kfuller@example.org,Anthonyborough,Liechtenstein
1772,Deborah Hawkins,joymeyers@example.org,Martinezborough,South Africa
1773,Elijah Barajas,dcampos@example.net,Jeremystad,Croatia
1774,Michael Chang,rlam@example.org,Adamschester,Saint Vincent and the Grenadines
1775,Brandon Swanson,jkhan@example.com,Porterhaven,Namibia
1776,Patricia Cunningham,michael10@example.org,New Richard,French Polynesia
1777,Alan Wyatt,mullenfrancisco@example.com,South Holly,Serbia
1778,Christopher Davidson,kristinlewis@example.com,Antonioborough,Canada
1779,Nancy Garrison,hherrera@example.com,Port Chelseafort,Albania
1780,Tammy Banks,donnavillarreal@example.net,South Lawrencehaven,Lao People's Democratic Republic
1781,Tina Stephens,gsmith@example.org,Pricetown,Tajikistan
1782,Nicole Lutz,williamarcher@example.org,Lake Zacharyton,Sierra Leone
1783,Sara Navarro,aguilarjennifer@example.net,Port Tracyshire,Syrian Arab Republic
1784,Shannon Jones,udavis@example.org,Katiefort,Isle of Man
1785,Robert Preston,johnortega@example.org,Jeffreyland,Micronesia
1786,Alicia Simpson,wmorrison@example.net,New Christinaton,Swaziland
1787,Tyler Zuniga,greenjason@example.org,Jaredborough,United Arab Emirates
1788,Steven Fitzpatrick,walkermelissa@example.net,East Kimberly,Tajikistan
1789,Ryan Turner,pamela68@example.com,Mcleantown,Niue
1790,Holly Sullivan,nmaynard@example.net,New Brooke,French Guiana
1791,Brenda Krause,amyhancock@example.net,Lake Annaburgh,Brazil
1792,David Williams,annabailey@example.net,Anneberg,Kazakhstan
1793,Roger Perez,schmidtkristen@example.org,Jeremybury,Poland
1794,Michael Gomez,cartermaurice@example.com,Lake Amyside,Papua New Guinea
1795,Laura Petty,cliffordthompson@example.net,Mathewfort,Nigeria
1796,Susan Graham,kristibaxter@example.org,East Holly,Paraguay
1797,Shannon Johnson,cameronsantiago@example.com,Lake Alanport,South Georgia and the South Sandwich Islands
1798,Krystal Kennedy,michael26@example.net,Kimberlyburgh,El Salvador
1799,Rebecca Oconnell,joneslance@example.org,Harperville,Liechtenstein
1800,Brenda Hamilton DVM,nguyenmelanie@example.com,Michaelberg,Djibouti
1801,Michael Smith,martinezjeffrey@example.org,Kathleenfort,Gambia
1802,Jill Young DDS,shieldsbrandon@example.org,Port Adam,Marshall Islands
1803,Robert Christensen,mollyyoung@example.net,Frystad,Belize
1804,Alexis Cooper,castrohannah@example.com,West Juliabury,Nigeria
1805,Anthony Morales,joshuahuber@example.net,Loweburgh,Philippines
1806,Suzanne Roberts,wilsonmorgan@example.com,Greenberg,Western Sahara
1807,Abigail Terry,weisswilliam@example.org,North Lindaside,Guam
1808,Zachary Lawrence,raymondjohnson@example.org,North Stephanie,Zambia
1809,Jack Chandler,hesterbianca@example.net,Danaview,Azerbaijan
1810,Joshua Turner,michaelbradshaw@example.org,East Stephenshire,Malta
1811,Brian Hunter,kelsey79@example.org,West Toddchester,China
1812,Shelley Hansen,jonathan37@example.org,Hallfurt,Argentina
1813,David Brown,kromero@example.org,New Haley,Saint Kitts and Nevis
1814,Darryl Stein,joshuaberry@example.org,Port Tina,Jordan
1815,Scott Stanley,jo40@example.com,Delgadoburgh,Brunei Darussalam
1816,Spencer Santos,andrewthompson@example.org,Lake Jeffrey,Tajikistan
1817,Kimberly Hunter,douglas63@example.net,West Jaredland,Afghanistan
1818,Jesse Allen,michaelhicks@example.org,Coxmouth,Holy See (Vatican City State)
1819,Daniel Carney,emilythompson@example.com,Sandersmouth,Saint Pierre and Miquelon
1820,Richard Briggs,joseph04@example.org,East Christina,Puerto Rico
1821,James Rodriguez,steven95@example.com,North David,Angola
1822,Cody Nichols,brownandrea@example.org,Guzmanview,French Southern Territories
1823,Deborah Carter,psilva@example.com,Lake Vanessaton,United Kingdom
1824,Deborah Adams,williamlarsen@example.com,Nunezland,Timor-Leste
1825,Kimberly Jones,fsutton@example.net,Troyborough,Grenada
1826,Andrew Brown,rhouston@example.com,Anthonyside,Algeria
1827,Ashley Duncan DVM,brittanyharris@example.net,Robertberg,French Polynesia
1828,Donald Walker,ryan89@example.org,Josephtown,Trinidad and Tobago
1829,Lindsey Hampton,ronald59@example.com,Kennethshire,Azerbaijan
1830,Kim Grant,pwinters@example.net,New Barbaratown,Qatar
1831,Cindy Brown,lindsey88@example.org,East Jeremiahview,Senegal
1832,Kenneth Smith,jodi11@example.com,North James,Tonga
1833,Jennifer Decker,bbrewer@example.org,East Michelle,Bangladesh
1834,Roberta Browning,reevesbryan@example.net,Port Curtisberg,Togo
1835,Kelly Mann,bbrandt@example.org,Troyview,Albania
1836,Teresa Roberts,leongeorge@example.net,Lake Ashleymouth,Western Sahara
1837,Julie Ryan,kim37@example.org,West Michaelborough,Namibia
1838,Amber Cameron,joneslarry@example.org,Melindaside,Brunei Darussalam
1839,William Keller,arellanojanet@example.org,Toddstad,Cameroon
1840,Hannah Nelson,danielhuffman@example.net,Jonathanview,Finland
1841,Erin Fry MD,robert56@example.org,South Julietown,Papua New Guinea
1842,Melanie Hawkins,brendawhite@example.org,South Dianabury,Cote d'Ivoire
1843,Casey Carpenter,brooketurner@example.com,Lake Tamara,Guyana
1844,William Wilson,susan99@example.net,West Amandaside,Cameroon
1845,Amy Cabrera,oshaw@example.com,West Kevinmouth,Iraq
1846,Steve Davis,oreeves@example.net,Port Charles,Italy
1847,Chad Vargas,rodney16@example.org,Port Kimberlyton,Turkmenistan
1848,Eric Sims,cummingsjames@example.com,Thompsonfurt,Australia
1849,Melissa Frank,adamschristian@example.net,North Lesliefort,North Macedonia
1850,Keith Nguyen,janegardner@example.org,East Aliciafurt,Myanmar
1851,Geoffrey Conley,lisa71@example.net,Tonyahaven,Czech Republic
1852,Cathy Tyler,gary02@example.com,Seanmouth,Sri Lanka
1853,Crystal Hunter,munozjoel@example.net,Port Zacharyview,Myanmar
1854,Grant Castillo,ramosjason@example.org,Port Daniel,Papua New Guinea
1855,Edward Smith,zachary76@example.com,Lake Karenfort,Belgium
1856,Christopher Davis,jerry08@example.com,Davidton,Czech Republic
1857,Samantha Perez,sarah54@example.org,North Richardview,Taiwan
1858,Beth Watson,shelleyluna@example.net,Lisaville,Mongolia
1859,Jasmin Turner,matthew89@example.com,Jamesburgh,Zimbabwe
1860,Michael Webb,chelsea67@example.org,Cathyburgh,Jordan
1861,Jerry Golden,garrettcarroll@example.net,Freemanport,South Africa
1862,Alexander May,istuart@example.com,East Paulville,Haiti
1863,Mark Johnson,harpermichael@example.net,Port Phyllis,Luxembourg
1864,Cindy Johnson,zgomez@example.org,Elliottton,Korea
1865,Erica Fox,dudleymaria@example.net,East Emilyberg,Brunei Darussalam
1866,Emily Daniels,kristen57@example.org,Malloryport,Saint Barthelemy
1867,Ashley Daniel,iaguilar@example.org,West Elizabeth,Greenland
1868,Susan Barry,julie23@example.net,Port Carolchester,Indonesia
1869,Cynthia Dougherty,zhammond@example.org,Kristintown,Montserrat
1870,Lisa Brown,phillipwest@example.org,Thomaston,United States Virgin Islands
1871,Sharon Chapman,matthewdennis@example.com,Fernandezview,Colombia
1872,Sharon Collins,lisa03@example.net,West Mary,Bahrain
1873,Renee Golden,frankkathryn@example.com,Smithberg,Liechtenstein
1874,Debra Guzman,michael46@example.net,South Thomasview,Uzbekistan
1875,Jose Ayala,weberkevin@example.org,Melissaville,Bouvet Island (Bouvetoya)
1876,Angela Taylor,solomonjames@example.com,Goodmanshire,Nepal
1877,Julie Lara,jenna37@example.net,Whiteside,Hungary
1878,Sally Cook,ssmith@example.org,Millershire,Turks and Caicos Islands
1879,Randy Bailey,thomasgreen@example.net,Port Marioborough,Greenland
1880,David Burns,ywilliams@example.com,Evantown,Congo
1881,Keith Garcia,thomasramos@example.org,East Dwayne,Anguilla
1882,Regina Turner,courtney08@example.org,Javierberg,Equatorial Guinea
1883,Amy Whitaker,wilsoncynthia@example.net,West Mary,Turks and Caicos Islands
1884,Thomas Ramirez,heberterica@example.net,Brendabury,Monaco
1885,Deborah Spencer,carriedickerson@example.org,North Rachel,Lao People's Democratic Republic
1886,Michael Rojas,frances58@example.com,Robinsonmouth,Afghanistan
1887,Christopher Miller,jessicafranklin@example.net,North Gina,Ghana
1888,Jimmy Williams,utyler@example.com,Andrewmouth,El Salvador
1889,Steven Diaz,josephmoore@example.com,Juliechester,Western Sahara
1890,James Hill,wdavis@example.com,Schaefertown,Martinique
1891,Devon Olson,amartinez@example.net,Stephaniefort,Kazakhstan
1892,Jimmy Patton,pcunningham@example.org,Carlosfurt,Korea
1893,Stephanie Sanchez,sanfordmelissa@example.org,Port Gregoryshire,Northern Mariana Islands
1894,Lisa Keller,christopher18@example.net,Jacksonville,Uganda
1895,Jesse Smith,xclay@example.org,New Debra,Iceland
1896,Eric Wells,sjohnson@example.org,Dianashire,Saint Kitts and Nevis
1897,Angela Randolph,jesse92@example.org,Bridgetmouth,Jersey
1898,Rebekah Garcia,scott53@example.net,Port Brianfurt,Palestinian Territory
1899,Joanna Sullivan,qgordon@example.net,East Joshua,Mexico
1900,Jordan Perez,phillipspaul@example.net,Lake Tyler,Italy
1901,Jesus Wade,garciarobert@example.net,Haileytown,Turkmenistan
1902,Jason Sutton,danielmaddox@example.com,Bridgestown,Gibraltar
1903,Brandi Oneill,sonya10@example.org,North Sandra,Syrian Arab Republic
1904,Dr. Brandi Crawford DVM,estradaseth@example.net,Micheleton,Mozambique
1905,Zachary Archer,amanda23@example.net,Gonzalezmouth,Bouvet Island (Bouvetoya)
1906,David Ford,ryancooper@example.net,South Brian,Malta
1907,Nicole Roberts,spark@example.com,Dannyburgh,Latvia
1908,Heather Cunningham,howardscott@example.org,Brendafort,Malawi
1909,Teresa Myers MD,martinlindsey@example.org,Port Crystal,Kenya
1910,Christopher Rogers,charlesgonzalez@example.net,North Williamview,United Kingdom
1911,Todd Wu,edward02@example.org,New Kristinaborough,Albania
1912,Leslie Bowman,hannah99@example.net,Collintown,Venezuela
1913,Mario Collins,freemanallison@example.org,Lewiston,United States of America
1914,Misty Martin,cynthia57@example.org,Cruzmouth,Poland
1915,Erika Carter,oshelton@example.org,West Maryton,United Arab Emirates
1916,Derek Davis,alyssa51@example.org,Solomonshire,Rwanda
1917,David Sharp,larsonstephanie@example.com,New Michael,Nigeria
1918,Kristin Boyd,tracystephens@example.com,Port Jennifer,Kazakhstan
1919,Paula Kelley,eric42@example.com,Pamland,Eritrea
1920,Maurice Conner,xflores@example.com,Port Melissa,Marshall Islands
1921,Adam Bush,ashley54@example.net,Andersonfurt,Bouvet Island (Bouvetoya)
1922,David Spencer,cuevasjeff@example.net,Port Bethhaven,Martinique
1923,Debbie Henderson,pallen@example.com,New Kimberly,Croatia
1924,Jesse Cruz,sandersapril@example.net,West Lauraland,Denmark
1925,Samuel Bennett,ralphmitchell@example.com,Powellmouth,Armenia
1926,Dr. Morgan Ho,benitezdaniel@example.com,Lake Ann,Cape Verde
1927,Nicole Robinson,lisawilliams@example.net,Martinezstad,Libyan Arab Jamahiriya
1928,Corey Franco,lmorris@example.net,North Jennifer,Jersey
1929,Amanda Nelson,lambertanna@example.com,Anthonyport,Syrian Arab Republic
1930,Michael Lopez,tatedavid@example.org,Robertchester,Russian Federation
1931,Alexander Smith,angela54@example.com,East Justinville,Rwanda
1932,Anthony Blackwell,jesse28@example.org,East Virginiamouth,Thailand
1933,Matthew Finley,sabrina84@example.net,Port Sarahmouth,Wallis and Futuna
1934,Lucas Miller,douglas27@example.org,East Janeview,Cocos (Keeling) Islands
1935,Felicia Wood,christopherclark@example.com,Janetland,British Virgin Islands
1936,Michael Hernandez,lindsey34@example.net,East Donald,Morocco
1937,Ronald Johnson,thomaschristopher@example.org,Markview,Maldives
1938,Sarah Velazquez,fraziergina@example.org,Davisland,Bosnia and Herzegovina
1939,Brett Munoz,waltermiller@example.org,Port Lonnie,Guatemala
1940,Sandra Lopez,ricky43@example.com,South Jeffreymouth,Wallis and Futuna
1941,Thomas Chen,elizabeth93@example.com,East Jaimeburgh,Namibia
1942,Marc Buchanan,farmerdavid@example.net,Butlerchester,Bahrain
1943,Emily Bennett,gordonjohn@example.org,New Emily,South Africa
1944,Samantha Robinson,ritterkimberly@example.com,New Maryside,Albania
1945,Steven Medina,linda34@example.org,East Jesse,Botswana
1946,Katherine Mcdonald,snydercaroline@example.net,North Christopher,Kazakhstan
1947,Kevin Turner,pwelch@example.org,North Joel,Ecuador
1948,Richard Jackson,nwilson@example.com,North Anthonyshire,Vietnam
1949,Jason Copeland,doylerichard@example.com,Lake Ellenshire,Latvia
1950,Kevin Sullivan,yubrandon@example.net,Feliciaview,Andorra
1951,Tiffany Mendoza,mgarcia@example.com,New Rhondahaven,Saint Martin
1952,Eddie Diaz,jamesmoran@example.net,Port Thomas,Algeria
1953,Theresa Dominguez,fwright@example.org,Katherineberg,Niue
1954,Brandy Taylor,james97@example.org,New Joseph,Sierra Leone
1955,Bradley Webb,moorejuan@example.net,Jeffreyberg,Ireland
1956,Michele Gay,twilliams@example.org,West Rhondaport,Guam
1957,Steven Burton,christopherford@example.net,West Kyle,Northern Mariana Islands
1958,Victoria Morris DVM,stevencooper@example.com,South Codytown,Belarus
1959,Samuel Rodriguez,lesliemendoza@example.com,South Marymouth,Albania
1960,Joseph Hernandez,eflores@example.com,Jasonberg,Bouvet Island (Bouvetoya)
1961,Christine Vazquez,barry56@example.net,Michaelmouth,Montenegro
1962,Andrew Herrera,johnsonbryan@example.com,Amberburgh,Niue
1963,Randy Page,paul69@example.net,North Michael,Chad
1964,Clayton Meyer,daniellehill@example.com,West Rileyshire,Niue
1965,Patrick Pearson,jessicadavis@example.com,East Olivia,Reunion
1966,Kaitlyn Williams,eric54@example.org,Jacksontown,Saint Kitts and Nevis
1967,Ruth Miller,amanda98@example.net,North Staceyshire,Somalia
1968,Bradley Juarez,vschultz@example.org,Austinburgh,Chile
1969,Nina Wells,rogersnancy@example.net,Baldwinland,Monaco
1970,Casey Snow,hmurphy@example.org,Nicholsonhaven,Panama
1971,Julie Lee,morristaylor@example.com,Mckeeside,Morocco
1972,John Walker,gfarley@example.org,Jenniferstad,Tokelau
1973,Brandon Cross,qboyd@example.com,North Timothyburgh,Azerbaijan
1974,Michele Jennings,mauricegarcia@example.net,East Bridget,Cyprus
1975,Benjamin Doyle,gary51@example.org,Richardborough,Qatar
1976,Brittany Smith,zjacobson@example.com,Eileenchester,Saint Pierre and Miquelon
1977,Kirk Cunningham,floresmonica@example.com,Brittanystad,Timor-Leste
1978,Scott Ferguson,christopherdavis@example.com,Jasonview,Cuba
1979,Heidi Pearson,jacob61@example.net,Hillside,Israel
1980,Darrell Lane,cthomas@example.org,East Chelsey,Mozambique
1981,Lisa Walsh,jasminespence@example.net,Port Devon,Kuwait
1982,Thomas Medina,aallison@example.org,South Joshua,Cayman Islands
1983,Ryan Young,cathywilliams@example.org,Felicialand,New Caledonia
1984,Joshua Baker,jessica03@example.org,Zacharyview,Bahrain
1985,Sean Alvarez,sabrina21@example.com,Ashleybury,Somalia
1986,Laurie White,darlene28@example.org,West Denisemouth,Turkey
1987,Aaron Gilmore,tracymorris@example.net,Eatonton,Isle of Man
1988,Jessica Clark,riveratanya@example.com,Lake Aaron,Thailand
1989,Stephanie Diaz,dilloncarrie@example.com,Shawshire,Belarus
1990,Patrick Whitaker,owhite@example.net,Lake Lindaville,Cote d'Ivoire
1991,Nicole Ryan,fsanchez@example.org,Christinemouth,Sweden
1992,Judith Jones,kaitlynmarsh@example.org,South Shawn,Tonga
1993,Anthony Stewart,evincent@example.org,East Kevinstad,Wallis and Futuna
1994,Heather Roberts,elizabethrodriguez@example.com,Tristanfort,Paraguay
1995,Elizabeth Keller,acevedomichele@example.net,Cindyhaven,Qatar
1996,Katrina Roman,petermoreno@example.net,Samanthafort,Svalbard & Jan Mayen Islands
1997,Tina Long,qsantos@example.com,Taylorstad,Tuvalu
1998,Wendy Jones,carolmitchell@example.org,Port Joshua,Mongolia
1999,Dawn Singleton,swilson@example.com,North Travisfort,Norway
2000,Christina Chen,tflowers@example.org,Hodgesberg,Mayotte
2001,Michelle Mason,vaughanaaron@example.net,North Dustin,Turkey
2002,Brian Sullivan,ithompson@example.com,Port Troy,Niue
2003,Shannon Bowers,jamespamela@example.org,East Erica,Netherlands
2004,Christopher Santiago,noah65@example.com,Silvaside,Zimbabwe
2005,Lisa Hart,mary63@example.org,East Kyle,Afghanistan
2006,Christina Alvarez,hmontoya@example.com,South Jean,Spain
2007,Richard Burns,ipayne@example.com,Patrickside,Guatemala
2008,Mark Kelly,reedsheri@example.net,North Jasmine,Palau
2009,Samantha Howard,caleb96@example.net,Port Jennifer,Slovakia (Slovak Republic)
2010,Jeffrey Espinoza,tammy11@example.org,South Danielle,Samoa
2011,Jose Thomas,johnchandler@example.net,West William,Venezuela
2012,Laura Anderson,baldwinwayne@example.com,Wattsmouth,Bahrain
2013,Brian Chaney,hbenson@example.com,Brownchester,Georgia
2014,Beverly Leonard,utaylor@example.com,Melissamouth,Guinea-Bissau
2015,Emily Friedman,brandon23@example.net,Beckerburgh,Sierra Leone
2016,Carolyn Henderson,hooverlauren@example.net,Rogersside,Liberia
2017,Lisa Kramer,catherine86@example.net,North Brianmouth,Korea
2018,Zachary Hill,robert38@example.org,Lauraview,Saint Martin
2019,Lisa Yates,swhitney@example.org,New Kennethhaven,United Kingdom
2020,Chad Park,dramos@example.net,Port David,Papua New Guinea
2021,Alexander Dean,elizabeth65@example.net,Simonland,Venezuela
2022,Amber Kelly,amanda85@example.net,East Davidburgh,Cape Verde
2023,Lisa Roberson,bretthardy@example.org,Kelleytown,Ireland
2024,Ann Olson,kmiller@example.com,New Cynthiahaven,Pakistan
2025,William Morales,kshepard@example.com,Lake Brandonmouth,Equatorial Guinea
2026,Raymond Costa,nweber@example.org,Beardville,Guyana
2027,Paul Newman,davidgomez@example.net,Port Jeffreychester,Kuwait
2028,Jason Barnes,jesseatkinson@example.net,Charlesmouth,Saint Vincent and the Grenadines
2029,Theresa Rodriguez,burtonaaron@example.net,Pagefurt,Argentina
2030,Christine Freeman,mkemp@example.org,Jasonfurt,Kyrgyz Republic
2031,Richard Wood,seancollins@example.org,North Ericview,Guadeloupe
2032,Jennifer Oneal,wgilbert@example.net,New Gloria,Guinea
2033,Michael Martinez,williamsphilip@example.net,North Shari,Gabon
2034,Melissa Ross,billyrogers@example.org,Williefort,Hungary
2035,Carrie Beck,cameroncarpenter@example.net,East Kennethmouth,Falkland Islands (Malvinas)
2036,Stephanie Paul,andrea06@example.com,South Christopherfort,Palau
2037,Monica Snow,jessicamoore@example.org,South Patriciaport,Anguilla
2038,Jason Rice,cynthiakaiser@example.org,Port Erica,Yemen
2039,John Stewart,twillis@example.com,New Sherry,Lao People's Democratic Republic
2040,Stephen Roberts,collinsbarry@example.com,South Ashleyville,United Kingdom
2041,Jason Davis,baileyjoel@example.net,East Cherylburgh,Tokelau
2042,Leah Brown,qbarker@example.org,North Luis,United Kingdom
2043,Nicholas Hernandez,mgonzalez@example.net,Chavezstad,Dominica
2044,Kyle Clark,stacy19@example.net,Shelbyton,Saint Vincent and the Grenadines
2045,Jill Ball,christinacarter@example.org,Allisonport,United States Virgin Islands
2046,John Collins,jonathan33@example.com,South Brandybury,Netherlands
2047,Paul Baird,jamielamb@example.com,South Luisburgh,Japan
2048,Luis Gross,jessicahicks@example.org,North Alexis,Trinidad and Tobago
2049,Justin Hayes,patriciahicks@example.net,South Amystad,Armenia
2050,Kristina Dyer,mhill@example.org,South Nathanmouth,Chad
2051,Dalton Wilson,pottermark@example.org,Vanessashire,Ecuador
2052,Courtney Chan,iroberts@example.com,East Arthur,Uzbekistan
2053,Ashley Oliver,smithkevin@example.com,West Maryport,Nepal
2054,Ryan Hall,silvagail@example.net,South Paultown,Slovakia (Slovak Republic)
2055,Joshua Perkins,dtate@example.net,Moorechester,Turks and Caicos Islands
2056,Ricardo Knox,carol91@example.net,Williefurt,Ecuador
2057,Jacob Holden,michaelthomas@example.net,Lake Luisville,New Zealand
2058,Mr. James Guzman MD,russellhorne@example.com,Jessicaview,Guinea-Bissau
2059,Aaron Hamilton,megangonzalez@example.net,Lake Katherinefort,Afghanistan
2060,Ashley Alexander,tarabrown@example.net,Christopherville,Mali
2061,Craig Hill,ssnyder@example.org,Portershire,United States Virgin Islands
2062,David Miller,birdandrew@example.net,South Karlberg,Guam
2063,Jonathan Bradford,christiecalhoun@example.org,Nelsonville,Grenada
2064,Amy Burch,pwilliams@example.com,New Richardton,Dominican Republic
2065,Hunter Hines,brandonlong@example.org,Curtistown,Turks and Caicos Islands
2066,Kelly Taylor,goodmannicholas@example.net,South John,Libyan Arab Jamahiriya
2067,Dustin Atkins,natasha91@example.net,North Davidchester,Taiwan
2068,Steve Ward,frankjoseph@example.org,Lake Xavier,Hong Kong
2069,Amanda Reed,osmith@example.org,Port Andrea,Cook Islands
2070,Jacqueline Abbott,patricia87@example.net,Hahnberg,South Georgia and the South Sandwich Islands
2071,Jessica Wilson,robertvelazquez@example.net,East Robertmouth,Gabon
2072,Katherine Goodwin,djackson@example.com,South Parkerville,Guadeloupe
2073,William Gallagher,anthony52@example.net,East Williamborough,Kiribati
2074,Kelly Singleton,michael97@example.org,West Michael,Argentina
2075,Steven Keller,larsenkimberly@example.com,North Melissa,Algeria
2076,Shawn Nelson,donald26@example.net,West Jamesshire,Burundi
2077,Charles Cummings MD,rjimenez@example.org,Nicoleville,Andorra
2078,Ashley Love,samuel32@example.com,Port Amy,Finland
2079,Lisa Ross,fowlereric@example.net,Stricklandfort,Paraguay
2080,James Barnett,robert92@example.com,Aliciamouth,Reunion
2081,Christopher King,vhatfield@example.net,North Johnhaven,Myanmar
2082,Danny Ford,kimberlytucker@example.com,Wademouth,Guatemala
2083,Erica Lopez,raymond17@example.org,Katherineborough,Liberia
2084,Oscar Rodriguez,wacosta@example.net,North Jennifer,Sweden
2085,David Scott,deborah82@example.net,Tonyshire,Rwanda
2086,Craig Lucas,ginaking@example.com,Lake Robertshire,United States Virgin Islands
2087,David Dennis,haroldhart@example.com,Williamsfurt,Netherlands Antilles
2088,Cynthia Wilson,stevenjohnson@example.org,Carlsonland,Guam
2089,Jacob Mora,cathy89@example.org,North Richardland,Poland
2090,Christine Herrera,rogersrachael@example.com,West Aliciaside,Slovenia
2091,Leonard Baker,catherineellis@example.org,West Michellemouth,Norfolk Island
2092,Ricky Clark,allison68@example.com,West Rickymouth,French Polynesia
2093,Sandra James,antonio50@example.net,New Gail,Mauritius
2094,Carla Snow,suarezpatricia@example.org,Port Phillip,Cameroon
2095,Jacob Johnson,kylerice@example.org,South Margaret,Qatar
2096,Jeremy Flores,williamshannah@example.net,Smithberg,Greenland
2097,Christine King,jeremy55@example.net,Lake Lucas,Malaysia
2098,Duane Marsh,wflores@example.net,Loganchester,Mayotte
2099,Molly Nichols,rodriguezkristen@example.com,Vanessafurt,Hong Kong
2100,Karen Hendricks,christophersims@example.org,Christianfort,Norfolk Island
2101,Jerome Joyce,bhartman@example.org,Samanthabury,Myanmar
2102,Kara Ellis,woliver@example.org,South Maria,Comoros
2103,Sylvia Robertson,shartman@example.com,Richardtown,Tokelau
2104,Gary Wolf,nicole02@example.net,Sandersport,Mayotte
2105,Justin Hodges,xlopez@example.com,East Daniel,Brunei Darussalam
2106,Jodi Leon,cooperkayla@example.net,South Heatherfurt,Montenegro
2107,Karina Pope,patricia64@example.com,Henryhaven,Anguilla
2108,George Harvey,mbaker@example.com,Port Jayfurt,Spain
2109,Tiffany Booth,ushannon@example.net,Zimmermanburgh,Netherlands Antilles
2110,Holly Calhoun,moorejoshua@example.org,Lake Cameron,Belgium
2111,John Acosta,lmejia@example.org,Christianfurt,Bahamas
2112,Cassandra Brooks,fwood@example.com,Lauraborough,Oman
2113,John Wong,chadmiller@example.net,Lake Stevenmouth,Armenia
2114,Samuel Cohen,patriciapowell@example.com,South Stephanie,Congo
2115,Richard Torres,vhess@example.org,Melvinhaven,Azerbaijan
2116,Cody Chandler,andrew39@example.org,Millsshire,Pitcairn Islands
2117,David Phelps,kevans@example.com,South Katherine,Iceland
2118,Carlos Wagner,wendy85@example.net,Tammyville,Samoa
2119,Emily Thompson,ihernandez@example.net,Robertburgh,Slovakia (Slovak Republic)
2120,Joshua Smith,guzmanjessica@example.org,South Daniel,Qatar
2121,Michelle Lawson,melissa22@example.org,West Melissaburgh,Liberia
2122,Tonya Gates,yodercynthia@example.org,Lake Sheilatown,New Caledonia
2123,Lindsey Rivera,ymccullough@example.org,East Heatherfurt,Korea
2124,Brendan Kelley,meyerjeffrey@example.com,Bateshaven,Slovakia (Slovak Republic)
2125,Amy Floyd,marywise@example.com,Fernandezburgh,Austria
2126,Alec Thomas,daniel38@example.net,Jeffreyhaven,Botswana
2127,Amanda Harding,danielschase@example.net,Allisonbury,Montserrat
2128,Francis Davis,christopher80@example.org,Mcdanielside,Tuvalu
2129,Jacqueline Brown,jsmith@example.net,Lake Juanchester,Kazakhstan
2130,Steven Jackson,campbelldana@example.net,Lake Jonathan,Kyrgyz Republic
2131,Justin Reynolds,michaellewis@example.com,Christinatown,Iran
2132,Brandon Moore,tschultz@example.net,East Rachel,South Georgia and the South Sandwich Islands
2133,William Jones III,bakerscott@example.org,Woodsville,Malta
2134,James Molina,ejordan@example.net,North Jaredburgh,Bahamas
2135,Maria Stanley,johnny33@example.org,Neiltown,Denmark
2136,Katherine Hoffman,danielletaylor@example.net,Lewismouth,Solomon Islands
2137,Kyle Williamson,tiffanythomas@example.net,Darlenemouth,Ghana
2138,Lisa Green,sanchezphilip@example.com,Wardfurt,Solomon Islands
2139,Michael White,sgarcia@example.com,Tammymouth,Mayotte
2140,Evan Campos,gford@example.net,Shaunmouth,Cameroon
2141,John Torres,zkaiser@example.net,West Ashley,Dominica
2142,Gary May,xavierholt@example.net,Longchester,Taiwan
2143,Amanda Decker,dustin77@example.com,South Rogershire,Bosnia and Herzegovina
2144,Toni Ramirez,heather27@example.net,New Elizabeth,Syrian Arab Republic
2145,Cathy Smith,jpark@example.com,Rivasville,San Marino
2146,Michelle Skinner,whicks@example.com,Lopezfort,Sudan
2147,William Barker,joseph26@example.com,Joshuachester,Cocos (Keeling) Islands
2148,Michelle Smith,darlene46@example.org,South Jenniferfort,Jamaica
2149,Amy Barker,wyoung@example.org,East Amber,Denmark
2150,Mary Taylor,pagedavid@example.org,East Gregoryton,Reunion
2151,Becky Macias,boyerjordan@example.net,New Suzanneberg,Lebanon
2152,Matthew House,jessica59@example.net,Codytown,Albania
2153,James Mack,pattersonjames@example.net,Port Jessicaside,Falkland Islands (Malvinas)
2154,Matthew Wright,eduardoharris@example.net,Calhounfort,Ecuador
2155,Lindsey Schmidt,manderson@example.org,Jonathanfurt,Equatorial Guinea
2156,Brenda Kennedy,pjackson@example.net,South Lonnie,Saint Lucia
2157,Mark Young,gloriamorales@example.com,North Julie,Bouvet Island (Bouvetoya)
2158,Jessica Boone,youngvincent@example.net,West Crystal,Belize
2159,James Moyer,mary16@example.org,Hartport,Kuwait
2160,Raymond Smith,jonesvalerie@example.org,Port Kenneth,Norway
2161,Jennifer Wilson,seth24@example.net,West Williamshire,Guyana
2162,Dale Klein MD,katherine45@example.net,Brandtmouth,Netherlands
2163,Nathan Perez,kellywilliams@example.org,Port Williambury,Macao
2164,Valerie Rice,rmorales@example.org,Johnsonmouth,Malta
2165,Richard Wang III,pthomas@example.org,West Josephfurt,Georgia
2166,Luis Mckenzie,laurie82@example.com,East Adrianaborough,New Zealand
2167,Rebecca Davis,wfinley@example.net,Isaacville,Netherlands
2168,Joseph King,johnsonemily@example.net,North Michael,Jordan
2169,Michael Powell,johnsonjason@example.org,Cynthiaside,Cook Islands
2170,Kimberly Sanders,nancy63@example.com,Katrinaburgh,China
2171,Dawn Diaz,heatherhughes@example.net,South Lisa,Eritrea
2172,Anna West,edwardsgina@example.org,Bridgeshaven,Cook Islands
2173,Kimberly Hill,david35@example.net,East Brittneyton,Saint Vincent and the Grenadines
2174,Bailey Bridges,shahcameron@example.net,Michaelport,Sierra Leone
2175,Jorge Matthews,katherine01@example.org,New Victoria,Venezuela
2176,Mary Clark,samanthafox@example.org,Brianshire,France
2177,Stephanie Johnson,chapmanraymond@example.com,Donnaland,United States Minor Outlying Islands
2178,William Brown,smithkristin@example.org,North Matthew,Mauritania
2179,Heather Henson,schwartzerin@example.org,North Julie,Micronesia
2180,Elizabeth Sharp,holmesbrandon@example.com,West Denise,Trinidad and Tobago
2181,Sheila Roberts,robertsadam@example.org,Brewershire,Eritrea
2182,Anthony Glenn,brownlogan@example.net,Cervanteschester,Guatemala
2183,Joshua Mitchell,tadkins@example.com,West Darrellfort,Australia
2184,Victoria Gomez,samuelsnyder@example.com,Brandonmouth,Thailand
2185,Jasmine Peterson,danielle21@example.net,Port Toddburgh,Saint Martin
2186,Ronald Barry,hunterbaker@example.com,East Joshua,Kazakhstan
2187,Jasmine Dixon,ramseycollin@example.com,Sarahport,Sudan
2188,Benjamin Moore,uduran@example.org,Lake Tamaraburgh,Bouvet Island (Bouvetoya)
2189,Brian Miller,cody29@example.org,Lambertbury,Slovenia
2190,Bryan Owens MD,jennifer79@example.com,Lake Rebeccafurt,Tonga
2191,Savannah Perry,daniel45@example.com,South Samanthaberg,Belgium
2192,Katie Williams,bradleymahoney@example.org,North Kristenstad,Niue
2193,William Kennedy,morenojoshua@example.com,Christopherhaven,Marshall Islands
2194,Haley Walsh,brandonflores@example.net,Murphybury,Vanuatu
2195,Steven Smith,iramos@example.net,Paulfurt,Mayotte
2196,Joseph Leon,msaunders@example.com,North Mollyhaven,Zambia
2197,Thomas Cardenas,mark05@example.org,Suttonborough,Egypt
2198,Dr. Curtis Jenkins,zwilliams@example.org,Scottberg,Cuba
2199,Kenneth Clark,cookcollin@example.org,Sarahbury,Brunei Darussalam
2200,Tony Malone,kimberlycooper@example.com,Port Kathleen,Madagascar
2201,Walter Mcconnell,schaefermarc@example.com,Lake Daniellebury,Kyrgyz Republic
2202,Christopher Fox,rebecca50@example.net,New Sandra,Morocco
2203,William Graham,brandonrichardson@example.net,Simmonsshire,United Arab Emirates
2204,Craig Smith,thomaschristina@example.org,Parkermouth,China
2205,Mark Brooks,michelle65@example.org,Mitchellview,Italy
2206,Joshua Ward,amber17@example.net,Thomasview,Lithuania
2207,Heidi Harper,yhammond@example.com,South Jameston,Maldives
2208,Bradley Dougherty,danielwilliams@example.net,Heatherberg,Niger
2209,Nicholas Perry,kelleykimberly@example.com,Alexandrastad,French Southern Territories
2210,Jacqueline Young DVM,rushkelly@example.net,East Teresa,Saint Vincent and the Grenadines
2211,Jason Hardy,gpatel@example.net,Jamesmouth,Andorra
2212,George Abbott,zjennings@example.net,Warrenburgh,Faroe Islands
2213,Deborah Jackson,kelly92@example.net,Port Andreafort,Reunion
2214,Vicki Hensley,smithandrew@example.com,Ashleyfort,Finland
2215,John Perkins,pettyshaun@example.com,Lake Jason,Norfolk Island
2216,Amy Myers,pmarshall@example.org,Port Timothy,Turkmenistan
2217,Bonnie Davis,eedwards@example.net,Robinchester,El Salvador
2218,Christina Howard,lesliesanchez@example.net,Port Lisa,Faroe Islands
2219,Lisa Martinez,hamiltonpaul@example.net,West Tony,Cote d'Ivoire
2220,Sylvia Frank,connor01@example.com,Andrewberg,Tokelau
2221,Shane Gonzalez,harrisrobert@example.net,East Joshuamouth,Micronesia
2222,Tyler Morris,christopherkelley@example.net,New George,Wallis and Futuna
2223,Sandra Tucker,josephdaniel@example.net,Port Justin,Tokelau
2224,Julia Ramos,rossjanet@example.org,Port Ashley,Turkey
2225,Alan Brown,mikayla59@example.net,Haleville,Canada
2226,Dustin Patterson,jamesanderson@example.com,Nicholaschester,Saint Martin
2227,Chelsea Simon,toddcruz@example.org,North John,Indonesia
2228,Dylan Miller,boonesamantha@example.net,Lake Katrina,Aruba
2229,Julie Holden,wmcguire@example.net,Jimenezport,Belarus
2230,John Smith,williamschad@example.org,New Carolynburgh,Falkland Islands (Malvinas)
2231,Michelle Harris,william62@example.com,Davenporthaven,Ireland
2232,Clifford Jones,rachelgray@example.net,Michaelview,Jordan
2233,Brian Calderon,dennis56@example.org,Anitaland,Brazil
2234,Melanie Sanders,leegloria@example.org,South Francisco,Armenia
2235,Ronald Scott,ericjohnson@example.com,Kennethstad,Lithuania
2236,Kayla Young,cesar70@example.org,Spearsbury,Switzerland
2237,Kathryn Stewart,gomezjessica@example.net,Joshuaberg,Tuvalu
2238,Christine Todd,jaime76@example.com,Lake Russellton,Sri Lanka
2239,Kaylee Brown,kevinbenson@example.org,Austinstad,Guam
2240,Sean Green,darrylmoore@example.org,Courtneyhaven,Uzbekistan
2241,Michael Donovan,rsherman@example.com,Whiteview,Burkina Faso
2242,Benjamin Jones,jennifer71@example.net,Williamsonfort,Serbia
2243,Laura Torres,ymoore@example.org,Port Susanborough,Christmas Island
2244,Scott Terrell,orasmussen@example.com,Martinezchester,Croatia
2245,Sarah Khan,davisheather@example.net,South Stevenchester,Sweden
2246,Jason Hartman,adamsshannon@example.net,South Jenna,Madagascar
2247,Wayne Barker,nbailey@example.com,North Amandaland,Austria
2248,Richard Mitchell,tayloranne@example.org,Wallaceland,North Macedonia
2249,Morgan Ortega,xyork@example.net,New Kyle,Liechtenstein
2250,Dr. Lisa Love,lindseybailey@example.org,East Stephanie,Eritrea
2251,Anthony Winters,gmitchell@example.net,Allisonmouth,Denmark
2252,Ryan Mcbride,hernandezcassandra@example.net,Robertsfurt,Reunion
2253,Steven Werner,hallmark@example.com,Cookfurt,Saudi Arabia
2254,David Tate,reyesantonio@example.net,North Brandonborough,Tokelau
2255,Heather Coleman,lsaunders@example.org,Anthonyfort,Israel
2256,Jacqueline Roth,lesliehughes@example.net,Smithmouth,Saint Helena
2257,Andrew Morris,staffordsuzanne@example.net,West Danielle,Bouvet Island (Bouvetoya)
2258,Catherine Martinez,nwebb@example.net,Lake Jamie,Korea
2259,Dr. Maxwell Jones,osbornekevin@example.net,Port Michellemouth,Macao
2260,Steven Salazar,jenniferdavis@example.net,East Joshuabury,Trinidad and Tobago
2261,Catherine Mullins,simmonsdarius@example.org,Kellyville,Estonia
2262,Kelly Matthews,cheyenne03@example.org,New Christophermouth,South Africa
2263,Teresa Adams,amandareilly@example.com,Boydfort,Vanuatu
2264,Jill Jones,cmartinez@example.net,Lake Michael,Cuba
2265,Monica Martinez,eowen@example.org,Port Anthony,Czech Republic
2266,Jose Chang,charles16@example.org,East Stephenmouth,Ukraine
2267,Nathaniel Black,reynoldsmarissa@example.com,Ginaville,Yemen
2268,Natalie Mueller,stephaniejohnson@example.org,Port Mariaton,Morocco
2269,Jessica Rice,williamsmichael@example.org,East Andrewchester,Oman
2270,Kelsey Montes,allen36@example.net,East Amandaville,United Kingdom
2271,Aaron Turner,christinewilliams@example.com,Scottport,Sierra Leone
2272,James Cook,david84@example.com,Kennedyville,Fiji
2273,Jesus Hood,ymayer@example.org,New Joseph,Afghanistan
2274,Brian Knight,cheryl98@example.net,Port Heather,Qatar
2275,Dawn Larson,sethsmith@example.org,Johnmouth,Nauru
2276,Lindsey Walker,deborah35@example.net,Lake Michelleland,Kiribati
2277,Isabella Martin,shannon86@example.org,Clarkmouth,Saint Barthelemy
2278,Terri Thomas,masseytara@example.com,South Alexandriaville,Fiji
2279,David Murphy,lbanks@example.org,Tracyland,Monaco
2280,Rebecca Banks,hsilva@example.net,Port Sarahborough,Antigua and Barbuda
2281,Kevin Martinez,thomas27@example.com,Teresahaven,Guadeloupe
2282,Elizabeth Rogers,amanda18@example.net,Jenniferfort,Lao People's Democratic Republic
2283,Matthew Turner,colinrodriguez@example.net,Brittneyberg,United Arab Emirates
2284,Stephen Copeland,stacyjohnson@example.org,Powersberg,Netherlands
2285,Jessica James,oenglish@example.com,East Jonathanview,Morocco
2286,Laura Mills,stephanie73@example.com,Lake Brandon,Micronesia
2287,Maria Ellis,garywatson@example.com,Peggyton,Kyrgyz Republic
2288,Brandon Allison,william28@example.net,Lake Jesusburgh,Brunei Darussalam
2289,Penny Anderson,nicholsashley@example.com,New Lauraburgh,Somalia
2290,Nancy Gutierrez,lwhite@example.org,Nicholasberg,Peru
2291,Stuart Alvarez,samuelmcclure@example.net,Caitlynland,Reunion
2292,Nancy Vaughn,imcbride@example.org,Joshuaport,Bangladesh
2293,Tamara Drake,ebates@example.org,Lake Brandon,Japan
2294,Michael Lucas,kevinrusso@example.org,Garciaton,Czech Republic
2295,Spencer Harrison,jennifer13@example.org,South Amandafurt,Pakistan
2296,Nicholas Walker,cody22@example.com,East Dawnton,Samoa
2297,Joseph Gomez,leelisa@example.org,East Stevenstad,Tanzania
2298,Stacy Davis,hoganmatthew@example.net,East Lisaport,Mexico
2299,Joann Smith,marshalltroy@example.net,Bruceburgh,Nauru
2300,Andrew Kelly,jessica66@example.org,Pearsonville,Taiwan
2301,Patricia Norton,kbutler@example.org,Ryanton,Italy
2302,Elizabeth Brown,martindean@example.com,Port Tracy,Reunion
2303,Randy Anderson,jeremy53@example.org,East Juliabury,Moldova
2304,Jeremy Randall,zsmith@example.com,Larryfort,Bermuda
2305,Toni Thompson,stefanie54@example.org,Thompsonberg,Christmas Island
2306,Sarah Martinez,lrodriguez@example.org,Whiteville,Pitcairn Islands
2307,Richard Lee,corey10@example.com,North Michaelshire,Greece
2308,Mary Rice,knightdaniel@example.net,Rogersside,Mauritania
2309,Edward Walsh,christopherpowell@example.org,Markburgh,Netherlands
2310,Kevin Calhoun,fergusonjason@example.net,East Stephanie,Syrian Arab Republic
2311,Bobby Murray,kimgregg@example.com,East Billy,Austria
2312,Danielle Smith,david07@example.net,Wallaceton,Mongolia
2313,Nathan Perkins DVM,vlamb@example.org,Meganhaven,Antarctica (the territory South of 60 deg S)
2314,Ashley Hall,qhunt@example.org,West Nicole,Ukraine
2315,John Kane,christyschwartz@example.com,Peterborough,Latvia
2316,Miguel Joseph,gregory02@example.net,South Ryanview,Russian Federation
2317,Angela Meyer,amanda36@example.net,Port Sarahside,Bosnia and Herzegovina
2318,Michael Webb,kristina14@example.org,South Cherylchester,British Indian Ocean Territory (Chagos Archipelago)
2319,Michael Wallace,cameron05@example.com,North Kimberly,Bahrain
2320,Jennifer West,eddie67@example.net,Roblesborough,Afghanistan
2321,Joseph Edwards,travis56@example.net,Hendersonborough,Oman
2322,Valerie Davis,gilescindy@example.org,South Diane,Macao
2323,Olivia Rosario,qgonzalez@example.com,North Tylerchester,Cayman Islands
2324,Andrew Chen,dickersonsergio@example.com,Kyleport,Afghanistan
2325,Steven Rodriguez,jamesgonzalez@example.org,Annburgh,Jamaica
2326,Vicki Taylor,richard94@example.org,Dudleyville,Saint Pierre and Miquelon
2327,Chelsea Watkins,scooper@example.net,Port Nicholastown,Samoa
2328,Sarah Castro,bmiller@example.com,Andreachester,Palestinian Territory
2329,Juan Morton,eduardo56@example.org,South Corey,Bolivia
2330,Kyle Delgado,castillokyle@example.net,Kirbyland,Monaco
2331,Nicole Woods,joshua70@example.com,East Michelleport,Luxembourg
2332,Jay Escobar,oshaw@example.net,Port Morgantown,New Zealand
2333,Roberta Bishop,walshkathy@example.net,Wendychester,Syrian Arab Republic
2334,John Salazar,jessicahunter@example.org,Johnsonbury,Syrian Arab Republic
2335,Kevin Hernandez,zschneider@example.net,North Jillfurt,Italy
2336,Danielle Lopez,walkerdavid@example.net,Josemouth,Bosnia and Herzegovina
2337,Donna Watts,lopezkelly@example.com,Lorraineburgh,Guinea
2338,Erin Dennis,deanna14@example.com,Port Kayla,Japan
2339,James Brock,cochranamanda@example.org,New Keith,France
2340,Nicole Johnson,alexgonzalez@example.org,Myersborough,Bolivia
2341,Adrienne Wong,rebecca66@example.net,Lindachester,Mauritania
2342,Kimberly Austin,deanna94@example.com,South Shanemouth,Saint Helena
2343,William Coffey,tsmith@example.net,New Richardport,Svalbard & Jan Mayen Islands
2344,Dustin Branch,mcgeelinda@example.org,East Darleneland,Mauritius
2345,Janice Walker,cabrerajoshua@example.org,Dakotahaven,Australia
2346,Jeffrey Graham,jorgesuarez@example.com,East Brandon,Cote d'Ivoire
2347,Richard Cabrera,andersongregg@example.com,Amychester,Cayman Islands
2348,Daniel Farmer,evanramirez@example.com,West Richardville,Saint Kitts and Nevis
2349,Joann Terry,nancy21@example.net,New Richardton,Belize
2350,Jared Oconnor,jennifer82@example.org,Stephanieton,Grenada
2351,Gabrielle Campbell,sharonmiller@example.org,New Loriborough,El Salvador
2352,Lisa Osborn,mitchellthomas@example.net,North Lauriemouth,Dominican Republic
2353,April Kim,brooksmichael@example.org,West Jennifer,Swaziland
2354,Justin Waters,petersashlee@example.org,Charlesmouth,Burundi
2355,Sabrina Harris,martinjames@example.net,Raymondchester,Bangladesh
2356,William Smith,sweeneyangela@example.org,Petermouth,North Macedonia
2357,Jamie Mcconnell,rpatton@example.net,Lake Patrickview,South Africa
2358,Diana Guzman,jason49@example.org,North Paulafort,Swaziland
2359,Shelby Garcia,rickmathis@example.net,East Joyce,Saint Martin
2360,Christopher Rogers,sylviawilliams@example.net,West Angelafort,Italy
2361,David Park,craigdennis@example.com,Michaelhaven,New Caledonia
2362,Jared Pineda,scottapril@example.org,New Tristanchester,Palau
2363,Erika Murphy,lcarr@example.org,East Maria,Madagascar
2364,Kimberly Bowers,anita02@example.net,North Robertmouth,Malta
2365,Patricia Salas,millerjason@example.org,Michaelatown,Guyana
2366,Bianca Bowman,michelle74@example.org,New Brettchester,Saint Pierre and Miquelon
2367,Amanda Carroll,jparsons@example.net,New Douglas,Taiwan
2368,Nathan Yang,mia59@example.com,Samanthamouth,Bouvet Island (Bouvetoya)
2369,Steven Barrera MD,charlesscott@example.net,Maynardburgh,French Guiana
2370,Judith Ortiz,rebeccaflores@example.net,North Sally,Qatar
2371,Kevin Thompson,othomas@example.com,Mccarthyton,Croatia
2372,Nichole Wang,luke29@example.org,Buchananland,Uganda
2373,Vanessa Butler,susanmartinez@example.com,Elizabethhaven,Namibia
2374,Elizabeth Murray,ohiggins@example.org,Port Josephland,Indonesia
2375,Vanessa Hurst,mike99@example.net,East Marymouth,Belize
2376,James Garza,qdeleon@example.org,Castrofurt,Micronesia
2377,Nicole Lane,alyssa12@example.net,Walkerhaven,Cyprus
2378,James Mitchell,ewade@example.net,North Richard,Madagascar
2379,Mark Rangel,ramosjohn@example.org,North Jennifer,Romania
2380,Stephanie Mejia,greg72@example.net,Tylertown,Palau
2381,Tristan Curry,andrew57@example.net,West Stephanie,Solomon Islands
2382,Curtis Johnson,jamesbailey@example.net,North Shellyshire,Christmas Island
2383,Corey Gray,kellystephanie@example.com,Quinnstad,Iraq
2384,Joshua Carroll,johnnybrock@example.org,Burnsbury,Central African Republic
2385,Daniel Adams,cbrown@example.org,Lake Patriciabury,Nigeria
2386,Lindsey Burnett,thomaskelly@example.com,Gregoryborough,Afghanistan
2387,Richard Sullivan,christopher21@example.com,South Bryanfurt,Madagascar
2388,Brandon Simon,kennethbrown@example.com,Tiffanyburgh,Poland
2389,Tracy Mills,hinesronald@example.com,Longport,Fiji
2390,Ashley Vargas,theresa53@example.net,Port Cindy,Rwanda
2391,Wendy Gray,aparrish@example.com,Troytown,Canada
2392,Rebecca Butler,ericaflores@example.org,East Margaret,Bouvet Island (Bouvetoya)
2393,Reginald Martinez,ramirezjames@example.org,Patrickfurt,Cayman Islands
2394,Aaron Bradford,erik81@example.com,Lake Williammouth,Lebanon
2395,Carolyn Beasley,jessica28@example.org,North Anna,Seychelles
2396,Toni Herman,michaeljimenez@example.net,North Scottburgh,Bouvet Island (Bouvetoya)
2397,Jillian Harris,nreynolds@example.net,Ramosburgh,Chad
2398,Kara Wilson,anthonymadden@example.com,Ashleyshire,Nepal
2399,Mr. Stephen Wilson Jr.,gsuarez@example.com,New Gina,Sri Lanka
2400,John Jimenez,petersonkenneth@example.com,East Malikborough,Bangladesh
2401,Tyler Howard,evansbrooke@example.net,Walterport,Greece
2402,Kimberly Gregory,jennifer91@example.org,Leahstad,Cambodia
2403,Dennis York,novakthomas@example.com,East Elizabethmouth,Ecuador
2404,Chad Cruz,thomas80@example.org,North Matthewfurt,China
2405,Michelle Ayers,alison95@example.com,Port Nicholasshire,Micronesia
2406,Angela Blake,kendrabarrett@example.net,Theresaside,Andorra
2407,Rebecca Thompson,murphyedwin@example.org,Pughstad,Puerto Rico
2408,Christian Carlson,linda59@example.net,West Williammouth,Burundi
2409,Breanna Green,kaitlynwatson@example.com,Patriciastad,Kenya
2410,Jenna House,amy53@example.org,New Timothy,Central African Republic
2411,Jenna Compton,gwatson@example.com,Brewerstad,Luxembourg
2412,David Washington,ssherman@example.com,New Carlosberg,Canada
2413,Chad Walter,janet98@example.org,Port Jamesbury,Congo
2414,Nancy Kim,lauratorres@example.net,New Elizabeth,Brazil
2415,Michelle Olson,jayscott@example.org,East Jessicaton,Holy See (Vatican City State)
2416,Karen Harvey,wendy26@example.org,North Rachelfurt,Guinea
2417,Christopher Dean,gibsonjay@example.org,Ginaport,Italy
2418,Brandon Lewis,dorothymartinez@example.net,North Danielport,Bermuda
2419,Carol Marquez,kimberly96@example.com,Huffburgh,Pitcairn Islands
2420,Mrs. Amy Vega,ubender@example.com,Woodchester,Austria
2421,Rhonda Larson,sarabrown@example.net,South Taraburgh,Papua New Guinea
2422,Denise Harmon,russelljames@example.org,Karenshire,Belarus
2423,Brandy Todd DDS,stacymiller@example.com,Lake Tiffany,Thailand
2424,Michael Stone MD,rebecca53@example.com,Port Melissatown,Denmark
2425,Eric Andersen,alishaboone@example.com,Knoxmouth,Wallis and Futuna
2426,Joseph Baldwin,cmitchell@example.net,Andreamouth,Tonga
2427,Angie Benitez,rebeccasanchez@example.com,Thompsonside,Namibia
2428,Jessica Casey,wileytyler@example.com,North Steven,Sao Tome and Principe
2429,Amanda Lawrence,pwalter@example.org,Holmesborough,Jamaica
2430,John Peterson,hesparza@example.com,North Jonton,Guinea
2431,Steven House,michaelwilson@example.org,Ochoaborough,Cameroon
2432,Kara Stanton DDS,xhernandez@example.net,Underwoodville,Gabon
2433,Nathan Pitts,conniewilkins@example.org,Gilbertfurt,Zambia
2434,Adrian Pope,debra87@example.org,Lake Mary,Barbados
2435,Erica Mcmahon,whiteemily@example.net,East Johnberg,Lao People's Democratic Republic
2436,Jason Oconnor,nhoward@example.com,Greenton,Vanuatu
2437,Mrs. Karen Johnson MD,karenthomas@example.org,West Victoriatown,Croatia
2438,Brian Mcknight,kjohnson@example.com,Jenniferbury,Guam
2439,Laura Frank,thomas18@example.net,Reyeschester,Japan
2440,Julie Taylor,keith35@example.org,Lake Christina,Czech Republic
2441,Amanda Brown,fosterjohn@example.net,Lake Ethanborough,Bahrain
2442,Lauren Cole,patriciaevans@example.org,Benjaminland,Macao
2443,Marc Rogers,carrollkrystal@example.org,Darrenberg,Marshall Islands
2444,Rhonda Herrera,webbmegan@example.org,Wilsonfurt,Bouvet Island (Bouvetoya)
2445,Victor Stewart,deborahcantrell@example.net,Jeffreyside,Finland
2446,Tyler Potter,marychambers@example.org,West Maria,Montserrat
2447,Justin Santana,kpacheco@example.net,East Bruceberg,Italy
2448,Mr. Mark Freeman,brittany02@example.org,Port Katelynstad,Jersey
2449,Erin Mckee,wyattjulie@example.com,Anthonybury,Martinique
2450,Vincent Taylor,garciajoshua@example.com,Port Johnshire,Senegal
2451,Jessica Moore,sjackson@example.net,Johnsonview,United Arab Emirates
2452,Katherine Miller,gonzalezcrystal@example.org,Robertsshire,Nauru
2453,Rebecca Macdonald,pamelalong@example.org,North Mary,Saint Pierre and Miquelon
2454,Jason Young,smithhannah@example.net,Port Shannontown,Mexico
2455,Richard Watkins,robertsyolanda@example.net,Whitakerstad,Jordan
2456,Katherine Jones,rosariojerry@example.net,North Shannonville,Anguilla
2457,Kristi Christensen,christina12@example.com,Doyleview,Togo
2458,Cheyenne Lane,hicksfernando@example.org,South Danielville,Papua New Guinea
2459,Christopher Villegas,perkinsbrian@example.net,East Benjaminmouth,Svalbard & Jan Mayen Islands
2460,Bobby Edwards,aayala@example.com,South Michaelhaven,Ghana
2461,Tyler Moore,gonzaleskaren@example.net,South Randallland,Antarctica (the territory South of 60 deg S)
2462,Justin King,johnnguyen@example.net,Huffmanhaven,Bahamas
2463,Nicole Johnson,christophergarcia@example.net,Alicemouth,Malawi
2464,Nancy Contreras,manuel45@example.com,Brianville,Saudi Arabia
2465,Todd Bush,robertrosario@example.com,Michaeltown,Sao Tome and Principe
2466,Holly Cruz,scooper@example.net,Josephburgh,Hungary
2467,Lindsey Chang,bradleywhite@example.org,Quinnland,Gabon
2468,Mrs. Tammy Martin,nataliethomas@example.net,Kylieburgh,Bahrain
2469,Jonathan Lucas,bcampbell@example.net,East Richardburgh,Kenya
2470,Kathy Long,harrisrebecca@example.org,Allenchester,Holy See (Vatican City State)
2471,Marilyn Perkins,khankatie@example.net,East Daniellebury,Lithuania
2472,Joseph Green,dalejones@example.org,Port Carolbury,Kuwait
2473,Ruth Schmidt,caitlin20@example.net,Melissamouth,Syrian Arab Republic
2474,Gabriella Moore,thomassharon@example.org,North Kimburgh,Vanuatu
2475,Joseph Stephenson,ryan01@example.org,Bennettton,Singapore
2476,Erika French,melissa29@example.com,New Emily,Solomon Islands
2477,Margaret Fisher,marie42@example.org,Edwardsmouth,Panama
2478,Stacy Gates,panderson@example.com,Hudsontown,Maldives
2479,Kristi Lewis,pattersonholly@example.com,North Lauraview,South Africa
2480,Janet Webster,kylemiller@example.org,West Amandashire,Belize
2481,Jimmy Morris,james79@example.org,Lake Melinda,North Macedonia
2482,Richard Dickson,michaelmegan@example.net,Lewisport,Bouvet Island (Bouvetoya)
2483,Jesus Williams,haroldwatson@example.com,Patelmouth,Haiti
2484,Mary Aguilar,bowmanfrancis@example.org,North Ginafort,Chile
2485,Carrie Ramsey,dbrady@example.org,North Ginastad,Nicaragua
2486,Noah Barnett,youngmonique@example.net,Smithfurt,Rwanda
2487,Ronald Cooper,cwilson@example.com,East Michaeltown,Uganda
2488,Jonathan Wheeler,rebecca68@example.com,Bellstad,Turkmenistan
2489,Joseph Malone,michelle62@example.net,West Phyllis,Ghana
2490,Johnny Hayes,cbrooks@example.net,Danielleburgh,India
2491,Regina Hernandez,cknight@example.net,Laurenland,Sri Lanka
2492,Tammy Petersen,sarah13@example.org,Youngside,Guinea-Bissau
2493,Frank Ibarra,erik18@example.com,Jonfurt,Tonga
2494,Rachel Hall MD,john46@example.com,East Earl,Vietnam
2495,Rachael Briggs,crossjames@example.net,West Shannon,Pakistan
2496,Ricky Sanchez,tara11@example.com,Millerside,Samoa
2497,Jorge Harris,jsimmons@example.net,South Julieville,French Polynesia
2498,Elizabeth Porter,kyle68@example.net,Jensenstad,Cayman Islands
2499,Ryan White,tkemp@example.org,Gabrielmouth,Guam
2500,Eric Willis,michael78@example.com,East Brookefort,Guernsey
2501,Jennifer Hawkins,jessica63@example.net,Lorishire,Lebanon
2502,Christopher Chapman,scottsmith@example.org,New April,Slovakia (Slovak Republic)
2503,Connor Holland,amycase@example.com,South Alexandra,Reunion
2504,Alicia Estrada,hallsteven@example.com,South Nathaniel,Portugal
2505,Patty Carlson,fernandezadrian@example.net,Goldenville,Lebanon
2506,Caroline Chan,lcisneros@example.org,West Jason,Antarctica (the territory South of 60 deg S)
2507,Patrick Henderson,michellejohnson@example.com,Gregorytown,New Caledonia
2508,Clifford Perkins,stonejames@example.org,Crystalburgh,French Polynesia
2509,Molly Johnson,jeanne75@example.org,Andrewtown,Netherlands Antilles
2510,Kaitlyn Chaney,amanda98@example.net,Elaineshire,Korea
2511,Tammy Woods,dixonjoe@example.org,Aguirrestad,Hungary
2512,Jason Johnson,paynehaley@example.org,Williamstad,Albania
2513,Carlos Simpson,tbarrett@example.net,New Timothyfurt,Central African Republic
2514,Lisa Jordan,nathanielwilliams@example.com,East Melissa,Netherlands Antilles
2515,Abigail Vasquez,jacobcameron@example.net,Franklintown,Pakistan
2516,Jennifer Howell,lauren00@example.net,Kennedyside,Taiwan
2517,Vanessa Strickland,nathanielwright@example.net,Lake Julieshire,Germany
2518,Robert Torres,eferguson@example.com,Port Catherinetown,Myanmar
2519,Sandra Morris,john43@example.com,West Courtney,Bosnia and Herzegovina
2520,Alejandra Mccormick,thomasrobert@example.net,Lake Danielhaven,Andorra
2521,Jason Richardson,suarezzachary@example.org,Goodmanchester,Kuwait
2522,Victor Owens,melissacole@example.com,East Lisachester,Bangladesh
2523,Tyler Marshall,xchen@example.net,Weaverborough,Portugal
2524,Jeffrey Thompson,isaac82@example.org,Janetside,Armenia
2525,Rickey Rivas,laurenharris@example.net,Howellport,Algeria
2526,Christina Morris,nicholas14@example.net,Lake Amystad,Suriname
2527,Frances Harvey,jacobbuck@example.org,Bowersville,Luxembourg
2528,Jeffrey Lloyd,megansmith@example.net,Kimhaven,Thailand
2529,Steven Clark,marissawilliams@example.com,North Ethanview,Spain
2530,Christopher Gutierrez,twilson@example.org,West Zachary,Saint Barthelemy
2531,Paul Anderson,bradleyjohnson@example.net,Richardsstad,Cayman Islands
2532,Mr. James Montes,hamptonandrea@example.org,New Paul,Korea
2533,David Bowers,omcdaniel@example.org,Winterston,Eritrea
2534,Shelby Riley,saranguyen@example.org,West Anthony,Brunei Darussalam
2535,Melanie Moran,cody56@example.net,Jeannehaven,Pitcairn Islands
2536,Kimberly Garcia,adam05@example.com,Kevinshire,Panama
2537,Heather Garcia,liujeffrey@example.com,New Kathryn,Romania
2538,Stephanie Howard,rlopez@example.com,New Maureen,Falkland Islands (Malvinas)
2539,Jorge Gibson,nicole20@example.net,New Benjamin,Congo
2540,Cody Garcia,johngonzalez@example.net,West Michaelbury,Maldives
2541,Jodi Parker,esanders@example.org,South Stacyville,Cocos (Keeling) Islands
2542,Jeffrey Martin,caseydavis@example.net,Joneshaven,Micronesia
2543,Andrea Martin,tracyarmstrong@example.org,Matthewmouth,Benin
2544,Linda Alexander,jenniferscott@example.com,Stanleyfurt,Antigua and Barbuda
2545,Kimberly Cummings,huertatara@example.net,Langville,Tonga
2546,Austin Coleman,shawn40@example.com,West Tammyview,Palestinian Territory
2547,Jonathan Patrick,hallnicholas@example.com,Curryport,Guernsey
2548,David Mason,davidwilliams@example.com,Fryport,Swaziland
2549,Michelle Austin,hughesevelyn@example.com,Ericabury,Vietnam
2550,Jennifer Johnson,vmartin@example.org,Riveraburgh,Bangladesh
2551,Jeremy Williams,christopherweaver@example.com,Port Matthewton,Hong Kong
2552,Carrie Gonzalez,smccarthy@example.org,South Christopher,Comoros
2553,Richard Moore,zachary44@example.org,South Lisaport,Saint Vincent and the Grenadines
2554,Henry Griffith,seanstewart@example.net,West Normaside,Saint Martin
2555,Michelle Green,fbarnes@example.net,East Patriciabury,Papua New Guinea
2556,Mrs. Donna White,amanda22@example.net,Lake Johnfurt,San Marino
2557,David Winters,victoria33@example.org,East Nicole,Philippines
2558,Melissa Becker,thomas97@example.org,Port Emilyhaven,Andorra
2559,Thomas Brown,clarsen@example.com,West Richardchester,Egypt
2560,Erin Mcclain,barnesjason@example.com,Ronaldview,Bahamas
2561,Jennifer Koch,rrobinson@example.org,Wilsonmouth,Burundi
2562,Michelle Harrington,melissarivera@example.com,Valerieside,Mayotte
2563,Richard Soto,bartonbilly@example.com,North Gabriella,Zimbabwe
2564,Selena Rodriguez,brandon12@example.org,Romeroton,Turkmenistan
2565,Rachel Tucker,peckhaley@example.org,Perrybury,Mali
2566,Dr. Kevin Robinson,aaronlee@example.net,Jenkinsshire,Bermuda
2567,Hannah Dickerson,ovega@example.com,South Shanebury,Mongolia
2568,Gina Velasquez,owerner@example.org,North Victoria,Palestinian Territory
2569,Kimberly Young,hunter12@example.org,North Travisfurt,Cook Islands
2570,John Morris,sheilaroberts@example.net,Port Rickytown,Bosnia and Herzegovina
2571,Michael Vargas,dawn14@example.net,Nolanmouth,Guinea
2572,Lindsay Olson,teresarandall@example.org,Maloneberg,Croatia
2573,Angela Robinson,jacksoneric@example.com,South Brittanychester,Brunei Darussalam
2574,Victoria Peck,harpercheryl@example.net,Griffithshire,Zimbabwe
2575,Allison Smith,hcraig@example.net,Lewistown,Honduras
2576,Lindsay Wallace,mcgrathcarla@example.org,New Kathleenberg,Benin
2577,Lisa King,wardalicia@example.com,Sandratown,Yemen
2578,Robin Green,ronaldarcher@example.com,New Michelechester,Colombia
2579,Holly Lane,rbernard@example.com,North Jonmouth,Northern Mariana Islands
2580,Frank Rice,william37@example.net,Evansland,Burundi
2581,Andrea Patterson,brandiford@example.net,South Susanmouth,Indonesia
2582,Kara Smith,ashleyhunter@example.net,East Raymond,Madagascar
2583,Angela Rodriguez,cantudaniel@example.org,Smithmouth,Lesotho
2584,Lindsay Ray,sstephens@example.org,Pricehaven,Micronesia
2585,Kenneth Smith,hannah01@example.org,Kellermouth,Tajikistan
2586,Christian Adams,sabrinaholland@example.com,Rollinston,Cuba
2587,Vanessa Smith,ajackson@example.org,Michelleshire,Puerto Rico
2588,Lauren Garner,amy28@example.com,Lake Willieview,Chad
2589,Sandra Lopez,deckerjohn@example.net,West George,Haiti
2590,Stephen Bennett,wendy30@example.net,Turnerborough,Seychelles
2591,Rachel Torres,stephenharrison@example.com,Port Todd,Iraq
2592,James Garcia,aknight@example.net,Lake Paulside,Nicaragua
2593,Mrs. April Bowman DVM,brady51@example.com,Amandamouth,Saint Martin
2594,Frank Vasquez,eolson@example.com,East Leslie,Central African Republic
2595,Michelle Johnston,april61@example.net,Mathisfort,Georgia
2596,Eric Salazar,carly99@example.org,Port Emilyhaven,Botswana
2597,Benjamin Ortiz,chadhall@example.net,Stevensland,Guadeloupe
2598,Thomas Martin,alucas@example.net,Johnsonbury,Tonga
2599,Kevin Stone,smoyer@example.net,Lake Claire,Sweden
2600,Wendy Lynn,william50@example.net,South Frederick,Dominican Republic
2601,Timothy Greer,williskathy@example.org,Lorifurt,Antigua and Barbuda
2602,Aaron Vaughn,ewade@example.net,Harrismouth,Italy
2603,Jack Velazquez,amanda05@example.com,Lake Samuelville,Greece
2604,Kathryn Davis,christinelopez@example.com,Courtneychester,Saint Pierre and Miquelon
2605,Joshua Gutierrez,sarahmiller@example.com,Curryberg,Christmas Island
2606,Christina Thompson,davidjackson@example.org,Lake Stephanieland,Azerbaijan
2607,Spencer Wall,clarkjuan@example.org,Richbury,Falkland Islands (Malvinas)
2608,Marie Wagner,teresaramirez@example.net,Port Tabitha,Peru
2609,Margaret Henderson,jeremiahgarcia@example.com,Moraleschester,Puerto Rico
2610,Amber Smith,uwalsh@example.net,Huangmouth,Guatemala
2611,Allison Tucker,sullivanamy@example.com,East Juan,Taiwan
2612,Tonya Harris,thomaswright@example.org,Beverlyport,Malawi
2613,Brian Martinez,jack56@example.net,Cohenshire,Vanuatu
2614,Diana Johnson,rglenn@example.org,Langside,Grenada
2615,Kevin Gonzalez,parksdenise@example.com,North Carlyfort,Seychelles
2616,Jeremiah James,opham@example.com,Morachester,Antigua and Barbuda
2617,Taylor Bryan DDS,robertwest@example.org,West Michaelchester,Norfolk Island
2618,Steven Jackson PhD,lwiley@example.net,Brianbury,Japan
2619,Christopher Nguyen,kleindalton@example.net,Port William,Antarctica (the territory South of 60 deg S)
2620,Christine Smith,ojones@example.org,Taylorside,Switzerland
2621,Julia Parker MD,lauraalexander@example.net,Torresmouth,Kenya
2622,Eric Miller,gregoryenglish@example.net,Lake Margaretport,Saint Barthelemy
2623,Tonya Campbell,danielevans@example.org,Jacksonmouth,Slovakia (Slovak Republic)
2624,Laura Burton,angela51@example.com,Grahamtown,Madagascar
2625,Katherine Berger,katrina19@example.org,East Melissamouth,Samoa
2626,Christina Johnson,martinmelissa@example.net,Port James,Guam
2627,David Smith,idalton@example.com,Lake Christopherfurt,Chad
2628,Jasmin Garcia,knightjohn@example.com,Dustinstad,Panama
2629,Donald Brennan,peter07@example.org,Port Dianeport,Turks and Caicos Islands
2630,Alejandro Pace,michael34@example.org,Patrickshire,Equatorial Guinea
2631,Mallory Robertson,christopher86@example.org,Wesleymouth,Honduras
2632,Wesley Nelson,jasminejohnson@example.com,Shelbyview,Mozambique
2633,Jill Chavez,dorseyashley@example.com,North Donna,Spain
2634,Tracy Gray,matthew08@example.net,East Meganfort,Czech Republic
2635,Kaitlin Foster,wsampson@example.net,South Allisonbury,China
2636,Daniel Martinez,fortiz@example.com,Cindytown,Colombia
2637,Hannah Morales,ellen71@example.net,Ronaldhaven,Qatar
2638,Scott Green,carrie72@example.net,Melissafurt,Gibraltar
2639,Maria Scott,shawnevans@example.org,New Jadeberg,Jersey
2640,Christy Roberson,donnabranch@example.com,Lake Taraberg,Panama
2641,Lisa Campbell,smithedward@example.net,Velezview,Peru
2642,Amy Vaughn,jennifermartinez@example.org,Williamsonland,Romania
2643,Charles Rice,kevinstone@example.net,Mortonview,Bulgaria
2644,Casey Martinez,lwilson@example.org,Port Michael,Suriname
2645,Lisa Roberts,wjones@example.org,New Charlesland,San Marino
2646,Billy Thompson,maryterrell@example.net,Jamieport,Liberia
2647,Rachel Holland,padams@example.net,Lake Adam,Sao Tome and Principe
2648,Adam Fields,gwagner@example.net,West Rebeccastad,Uzbekistan
2649,Thomas Dunn,christiangibson@example.com,Lopezside,Haiti
2650,Richard Williams,osbornedward@example.org,Lopezborough,Kyrgyz Republic
2651,Don Sullivan,danaadams@example.org,West Donview,Slovakia (Slovak Republic)
2652,Michael Spencer,wbean@example.com,North Megan,Luxembourg
2653,Michael English,andersenkevin@example.org,Gregorymouth,Guernsey
2654,Shannon Murphy,xwilson@example.com,Webbmouth,Cayman Islands
2655,Anthony Adams,mpatterson@example.org,New Daniel,Russian Federation
2656,Angela Foster DVM,librenda@example.com,Port David,Nauru
2657,Jeff Reeves,shelley37@example.net,Lake John,Paraguay
2658,Ryan Reyes,jomoore@example.net,Campbellton,Kuwait
2659,Samuel Hensley,lopezbrian@example.org,North Robinstad,British Virgin Islands
2660,Erika Cervantes,russelldominique@example.com,Melissashire,Cote d'Ivoire
2661,Richard Peters,johnsonscott@example.net,South Marcus,Dominican Republic
2662,Bethany Kennedy,whiteheadjon@example.net,Mendezside,Palau
2663,Christian Henderson,michaelproctor@example.org,New Karlaborough,Iraq
2664,Mary Moore,elizabeth65@example.org,Lake Ashleytown,Tokelau
2665,Sandra Rodriguez,beckermonica@example.org,West Ashleyville,Vietnam
2666,William Edwards,cindylopez@example.com,New Marissa,Wallis and Futuna
2667,Amanda Carter,angela09@example.org,East Ethan,Poland
2668,Briana Clark,cooleylaura@example.com,Laurenbury,Antarctica (the territory South of 60 deg S)
2669,Wendy Ramirez,martinezvictoria@example.com,Thomaston,Jamaica
2670,Kimberly Swanson,rose33@example.com,West Danielhaven,Guinea
2671,Aaron Johnson,calvinfrazier@example.org,Hillmouth,Guyana
2672,Shawn Carter,simpsontracey@example.net,Stoneport,Papua New Guinea
2673,Christina Johnson MD,lacey40@example.com,Clineland,Libyan Arab Jamahiriya
2674,John Day,clarkrobert@example.net,Port Melissabury,United States of America
2675,Brenda Valencia,zachary68@example.org,Jamesmouth,United States of America
2676,Matthew Hall,tamaramora@example.net,West Melissa,Afghanistan
2677,Gloria Boone,weststacy@example.net,Cannonland,South Africa
2678,George Garcia,johnlevy@example.net,Port Markfurt,Guyana
2679,Alyssa Wallace,teresaallen@example.com,West Brendaland,Marshall Islands
2680,Ronald Williams,andersonjames@example.com,Jenniferburgh,Micronesia
2681,Elizabeth Jones,wilsondouglas@example.net,West Julie,Belarus
2682,Amber Craig,zwheeler@example.net,Lopezstad,Nigeria
2683,Amber Acosta,smithkimberly@example.org,Garcialand,Zambia
2684,Jamie Brooks,wagnermorgan@example.com,Jamesstad,Mali
2685,Rebecca Gray,david65@example.org,East Sarahville,Heard Island and McDonald Islands
2686,Amanda Allen,andrea26@example.org,New Charlottebury,Algeria
2687,Kim Gillespie,thomasmurray@example.com,Prestonshire,Guatemala
2688,Douglas Anderson,wtrevino@example.org,North Jeanettetown,Ethiopia
2689,Natalie Johnson,brendan02@example.org,Port Calvin,Moldova
2690,Matthew Cherry,joshuasanchez@example.org,Christophershire,Bulgaria
2691,Douglas Obrien,jenkinsamanda@example.com,East Christine,Niue
2692,Jennifer Smith,samuelphillips@example.net,Jacksonton,Uruguay
2693,Jerry Brown,ymaldonado@example.net,Lake Victoria,Montserrat
2694,Leah Durham,ryan89@example.org,Simonburgh,Portugal
2695,Abigail Alvarez,ralphbradley@example.net,South Ashley,Papua New Guinea
2696,James Bryant,kathryn36@example.org,North Gregoryfort,Montserrat
2697,Amber Becker,marysmith@example.org,South Laurenmouth,Bouvet Island (Bouvetoya)
2698,Jacqueline Conley,reevesbrent@example.net,Whiteberg,Egypt
2699,Melissa Braun,davidsalinas@example.net,Saraville,Maldives
2700,Angelica Martin,nchristian@example.com,Sarahton,Bahrain
2701,Jamie May,noblejeffrey@example.org,North Brianport,Anguilla
2702,Kelsey Marsh,xbell@example.org,Natalieborough,Guernsey
2703,Erin Nelson,jeffrey62@example.net,New Kristopher,Azerbaijan
2704,Brian Figueroa,barbara20@example.org,Thomasshire,Norway
2705,Regina Williams,montgomerycarlos@example.org,South James,Isle of Man
2706,Matthew Benson,hmeyer@example.net,Smithhaven,Gabon
2707,Rachel Doyle,gerald15@example.com,North Ginaberg,Saint Pierre and Miquelon
2708,Daniel Munoz,mendozatiffany@example.org,East Michealland,Andorra
2709,Donald Gonzalez,christopher34@example.net,South Theodorefurt,French Polynesia
2710,Brenda Black,elizabeth88@example.com,Port Jim,Vietnam
2711,Sandra Warren,johnsoncaroline@example.com,Derekville,Lithuania
2712,Adrian Edwards,rjohnston@example.net,Scottmouth,Oman
2713,Danielle Odonnell,carolrodriguez@example.net,East Elizabethtown,Bouvet Island (Bouvetoya)
2714,Margaret Bryant,wardamanda@example.net,Lake Toddstad,Guyana
2715,Jesus Wheeler,peter36@example.com,Anthonyfort,Zimbabwe
2716,Peter Williams,zachary24@example.com,Kathrynborough,Angola
2717,Rebecca Carpenter,larry10@example.com,Port Haroldberg,Cote d'Ivoire
2718,David Wong,malvarado@example.net,Jeremyborough,Venezuela
2719,James Clay,grayashley@example.net,Collinsborough,Cote d'Ivoire
2720,Kenneth Brown,daniel16@example.org,Port Danielborough,Aruba
2721,Sandy Mccullough,christopher15@example.org,New Eric,Mauritania
2722,Deanna Wilkins,brianperez@example.com,West Marcus,Bouvet Island (Bouvetoya)
2723,Michelle Hensley,gonzaleskara@example.org,Smithhaven,Niue
2724,Randall Henderson,hamptonjohnny@example.com,Butlerburgh,Togo
2725,Renee Mosley,robert86@example.com,Port Edgarland,Zambia
2726,Kathy Berg,johnkelly@example.com,Rhondashire,Micronesia
2727,Alyssa Davis,vgreene@example.com,East Austin,Tanzania
2728,George Brock,karen55@example.net,Thomasstad,Fiji
2729,Edward Gordon,batesronnie@example.net,New Robin,Serbia
2730,Natalie Grant,xpeterson@example.org,New Tylerport,Turkmenistan
2731,Glenda Moore,paul99@example.net,Sandershaven,Monaco
2732,Patricia Webb,phillipsstephanie@example.com,Flynnland,Christmas Island
2733,Ashley Mcneil,gparks@example.com,North Kelly,Taiwan
2734,James James,tpearson@example.com,Masonchester,Malaysia
2735,Joshua Miller,luismclaughlin@example.org,Lake Courtney,Saint Helena
2736,Virginia Davis,nwang@example.com,New David,Sierra Leone
2737,Teresa Gonzalez,carterbenjamin@example.org,Port Samanthamouth,Hungary
2738,Thomas Murphy,davisstacy@example.org,East Nancy,Bangladesh
2739,Kevin Costa,jonesdavid@example.org,Lukestad,French Guiana
2740,David Arnold,hbrown@example.net,Campbellview,Cook Islands
2741,Jeremy Shepherd,craigsherman@example.com,Williamsfort,Madagascar
2742,Lisa Bryant,vblair@example.com,Johnport,Guatemala
2743,Dillon Bradshaw,luisjohnson@example.com,Port Ronnie,United States of America
2744,Chad Welch,paul57@example.org,Rebeccaborough,Bahrain
2745,Philip Silva DDS,hewing@example.net,Mariehaven,Cote d'Ivoire
2746,Jesus Jensen,thancock@example.net,Lake Matthewland,Saint Pierre and Miquelon
2747,James White,michael03@example.com,Port Wendyburgh,Norway
2748,Luis Brooks,hayeslisa@example.com,East Ericchester,Ethiopia
2749,Danielle Chavez,kim19@example.com,Longburgh,Peru
2750,David Turner,amberaustin@example.com,Davidland,Tunisia
2751,Taylor Hardy,hchandler@example.com,East Mauriceville,Zambia
2752,John Shaw,hollandbrittany@example.com,South Samuel,Guam
2753,Amy Smith,hartmanjoanna@example.org,Mallorybury,Norfolk Island
2754,Michael Horton,piercejohn@example.org,South Andrea,Armenia
2755,Michael West,grahamjennifer@example.org,West Richardchester,Mauritius
2756,Richard Davis,marie91@example.org,North Kendra,Costa Rica
2757,Karen Johnson,blarsen@example.org,Johnsonfurt,Italy
2758,David Maynard,jeremyrivera@example.com,East Sarahchester,Afghanistan
2759,Julie Moore,wlopez@example.org,Port Kimberly,Paraguay
2760,Kelli Norris,lindasalas@example.net,Dianaport,Chad
2761,Mary Clark,qjenkins@example.com,North Nicholeville,Papua New Guinea
2762,Allison Fernandez,moralesdarryl@example.org,Michaelborough,Bhutan
2763,Jason Ray,keith42@example.com,Batesport,Mauritius
2764,George Moore,oliverandrew@example.org,Ramseyside,Fiji
2765,Kevin May,kmorris@example.org,Smithmouth,Burundi
2766,Anna Lewis,nrosario@example.net,New Dennisstad,Sudan
2767,Kristin White MD,sylviaallen@example.org,East William,Swaziland
2768,Luis Barrera,ssmith@example.org,Thomasmouth,Turkmenistan
2769,Nancy Jones,stephanielynch@example.org,Lake Matthewburgh,New Zealand
2770,James Clay,rberger@example.net,Gomeztown,Namibia
2771,Anthony Church,lward@example.org,North Jenny,Canada
2772,Brandon Rodriguez,grahamjennifer@example.net,West Katherine,Congo
2773,Danielle Craig,cruzsara@example.org,Davisburgh,Uganda
2774,Melissa Melendez,vgill@example.net,North Valerie,Congo
2775,Sara Perez,stevenhughes@example.net,Davidville,Niger
2776,Gregory Zimmerman,stacycross@example.com,South Danielton,San Marino
2777,Brian Jones,hannahwest@example.net,Michelemouth,United States of America
2778,Angelica Smith,huangsara@example.org,Robinsonstad,Honduras
2779,Nathaniel Woods,marioanderson@example.com,West Todd,Bahrain
2780,Erin Jones,larsonbailey@example.net,Hintonmouth,Pitcairn Islands
2781,Bianca Jenkins,james93@example.org,Amandaberg,Gambia
2782,Christine Williams,goodwinluis@example.org,North Brittanyport,Namibia
2783,Michael Sanders,brittany57@example.org,Johnsonberg,Timor-Leste
2784,William Soto,christopher72@example.net,Daniellestad,Saint Lucia
2785,Lynn Nguyen,zsalazar@example.com,Faithfort,Mexico
2786,Veronica Carlson,warnold@example.org,Veronicaport,Trinidad and Tobago
2787,Jennifer Dean,ncollins@example.com,Hallmouth,Jersey
2788,Stephanie Adams DDS,greenandrea@example.org,Evelynborough,Korea
2789,Marissa Bowen,seanoneill@example.net,South Geraldmouth,Lebanon
2790,Gwendolyn Martinez,angelabrown@example.net,East Lisaton,Japan
2791,Laura Powell,bjohnson@example.net,New Elizabethborough,Greece
2792,Emily Mckinney,james74@example.com,Lake Jeffrey,Solomon Islands
2793,Andrew Moss,wernerjohn@example.org,Torreston,Armenia
2794,Taylor Espinoza,higginsdavid@example.com,West Markstad,Ecuador
2795,Robert Mendez,ybrown@example.net,Lake Margaretmouth,Namibia
2796,Thomas Hart,hornsharon@example.net,South Breanna,Nauru
2797,John Zimmerman,davidcampbell@example.org,Bonillafort,Micronesia
2798,Matthew Boyd,barnettsusan@example.org,Cynthiaberg,Honduras
2799,William Haney,deckeremily@example.org,Lake Melissafurt,Netherlands
2800,Shane Lopez,brendablack@example.net,North Xaviermouth,Sudan
2801,Austin Reyes,nicoleparsons@example.net,North Jody,Andorra
2802,Meagan King,brycemccoy@example.org,Adamland,Croatia
2803,Daniel Jones,michellejackson@example.org,West Tyler,Kenya
2804,Christina Thornton,dunnraymond@example.org,Judithtown,Micronesia
2805,Benjamin Johnson,dfrederick@example.net,North Matthew,Ireland
2806,Eric Wagner,reyesmichael@example.org,West Jose,Gambia
2807,Stephen Curtis,annette33@example.org,Rodriguezshire,Suriname
2808,Joseph Robertson,torrestammie@example.net,West Harold,Finland
2809,Eric Moore,james97@example.com,Goodwinburgh,Romania
2810,Lori Rodriguez,dmartin@example.com,South Kevin,Tajikistan
2811,Rebecca Thomas,rogersjessica@example.org,Jonesmouth,Gambia
2812,Scott Larsen,ncampbell@example.net,Cameronbury,Singapore
2813,Joel Williams,mchavez@example.org,Lake Saraton,Yemen
2814,Angela Orozco,wesley59@example.org,Williamsborough,Mexico
2815,Jason Orozco,sophia10@example.com,Maryhaven,Micronesia
2816,James Huerta,susanfrancis@example.net,Garciaport,Guatemala
2817,Victoria Davis,glopez@example.net,North Johnhaven,Nepal
2818,Martha Mckee,marvin84@example.org,North Elizabethtown,Lithuania
2819,Sarah Smith,acostajoanna@example.com,Emilyfort,Bouvet Island (Bouvetoya)
2820,Taylor Reese,xanderson@example.com,Michaelport,Georgia
2821,Sandra Palmer,williamrogers@example.com,Edwardsstad,Mongolia
2822,Jordan Joseph,wallacebrendan@example.com,Charleston,Timor-Leste
2823,Theresa Bean,rodriguezallison@example.org,Normantown,Tokelau
2824,Jessica Williams,michellechapman@example.com,Carolfurt,Peru
2825,Thomas Lane,hernandezsherri@example.com,West Joel,Holy See (Vatican City State)
2826,Jamie Jones,howardscott@example.com,Bethanychester,Chad
2827,Eduardo Wilcox,kathleen45@example.net,South Ashleyton,Uganda
2828,Austin Downs,pschmidt@example.net,East Morganfort,Burkina Faso
2829,Susan Underwood,ykirby@example.org,Smithchester,Finland
2830,Kathleen Wu,mkeith@example.org,Port William,Wallis and Futuna
2831,Kimberly Walton,wongangel@example.org,East Kimberlyfurt,Samoa
2832,Rebecca Gilbert,hamiltonkristen@example.com,North Susan,Bulgaria
2833,Stephanie Armstrong,shane53@example.com,Port John,Mali
2834,Kayla Acosta,yrichards@example.net,Palmertown,Western Sahara
2835,Lisa Davenport,josephwebb@example.org,New Brandonberg,Montserrat
2836,Scott Mcintosh,lucas58@example.net,New Jenniferburgh,Bhutan
2837,Kevin Robbins,chadhamilton@example.org,Lake Felicia,Belarus
2838,Joseph Bailey,wendy28@example.com,West Sean,Myanmar
2839,Kristen Alexander,obrienjennifer@example.com,Meyerview,Nauru
2840,Matthew Suarez,richard86@example.org,Atkinsonside,India
2841,Carlos Peterson,josemaddox@example.net,New Gary,Lesotho
2842,Phyllis Manning,evanflores@example.org,Lake Tammy,French Polynesia
2843,Ebony Avila,carlmendoza@example.org,New Joseph,Yemen
2844,Rebecca Long,susanpugh@example.net,Wileychester,Saint Kitts and Nevis
2845,Valerie Taylor,scottashley@example.net,Port Jerry,Palau
2846,Barbara Tyler,brightsue@example.net,Lake Noah,Indonesia
2847,Philip Rodriguez,sonyalawrence@example.net,Esparzamouth,British Indian Ocean Territory (Chagos Archipelago)
2848,Cheryl Williamson,hernandezbrian@example.net,West Chasetown,Qatar
2849,Tony Brown,rodneygordon@example.com,Barnesport,Equatorial Guinea
2850,Jason Morris Jr.,jacqueline01@example.net,Lake Jessetown,Micronesia
2851,Cynthia Hamilton,gonzalezbrenda@example.com,East Ericborough,Timor-Leste
2852,Michael Lozano,jennifer85@example.net,Port Dawn,Malaysia
2853,Louis Mayer,leah97@example.org,Port Jerryshire,Burundi
2854,Danny Johnson,lhurley@example.org,Kaylastad,Kiribati
2855,David Moore,christopherhunter@example.org,Lake Ronnieland,Greenland
2856,Albert Gregory,sandovalchad@example.com,East Jackport,Chile
2857,Diana Campos,oflores@example.org,Hoodbury,Libyan Arab Jamahiriya
2858,Ashley Wilson,brownjennifer@example.com,North Paul,Dominican Republic
2859,Tiffany Rodriguez,ljenkins@example.com,Edwardsville,Pitcairn Islands
2860,Rebecca Mendez,sherylreyes@example.com,Cunninghamfurt,Bulgaria
2861,Mrs. Tara Santos,tonyhenderson@example.net,Port Christopher,Monaco
2862,Alicia Harrington,philipcain@example.org,New Maxwellshire,Uruguay
2863,Stephanie Lee,jcastillo@example.net,Lake Tiffanyburgh,Grenada
2864,Christopher Blackwell,ufoley@example.org,New Bethany,Martinique
2865,Bradley Jacobson,cvincent@example.org,Michellehaven,Congo
2866,Michael Howell,dalewang@example.org,Nielsenmouth,Marshall Islands
2867,Shannon Hart,garnerrobert@example.org,Tylerborough,Slovakia (Slovak Republic)
2868,Laura Hicks,douglasrobles@example.net,South Maryborough,Eritrea
2869,Emily Andrews,qroberson@example.org,South Kimberly,Ghana
2870,Megan Watson,brettrichards@example.net,Port Gail,Burkina Faso
2871,Timothy Larson,smithnancy@example.com,Davisside,Singapore
2872,Michael Mosley,tmullins@example.org,Riggsstad,Germany
2873,Mary Mcclain,scottkirk@example.net,Jessicahaven,Malawi
2874,Frank Jacobs,nlogan@example.com,Davidfurt,Venezuela
2875,Thomas Saunders,cindy17@example.org,South Alyssa,Finland
2876,Justin Barr,joanna83@example.org,North William,Switzerland
2877,Gina Smith,nbrown@example.net,Brownfurt,Croatia
2878,Belinda Guerra,blarson@example.com,North Lawrence,Vietnam
2879,Todd Padilla,dominiquelawrence@example.com,West Laurenbury,Cape Verde
2880,Paul Rodriguez,ronald63@example.com,South Deanburgh,Saint Pierre and Miquelon
2881,Haley Robinson,speters@example.net,East Nicolebury,Germany
2882,Brian Lee,michaelowen@example.com,North Brett,Ireland
2883,Michael Webb,howardbailey@example.org,New Travis,Bahrain
2884,Kaitlyn Williams,gloria28@example.net,Port Phyllis,Venezuela
2885,Dominique Gaines,strongjerry@example.org,North Jorgeville,Cyprus
2886,Justin Marks,gonzalezchristina@example.net,Port Jennifer,Guernsey
2887,Michael Murphy,wolfechristopher@example.org,Brownview,Cyprus
2888,Vanessa Stevens,jessicalopez@example.net,Wellschester,Guadeloupe
2889,Chris Anderson,sara52@example.net,New Melissaberg,Qatar
2890,Thomas Robbins,kmccullough@example.org,Joshuafurt,Dominica
2891,Maria Coleman,kathyhudson@example.com,North Janet,India
2892,David Alvarado,coopercory@example.org,Robertstad,Martinique
2893,Wesley Ryan,parksstephen@example.com,East Veronicaberg,Nicaragua
2894,Sandra Smith,melissajuarez@example.org,Davisfort,Djibouti
2895,Nancy Curry,edward17@example.net,South Marissa,Honduras
2896,Brandon Reynolds,erodriguez@example.com,Paulland,Ukraine
2897,Tracy Watkins,garciajoshua@example.com,West Danielton,Seychelles
2898,Bobby Russo,juliesmith@example.net,North Kayla,Benin
2899,Kathleen Brooks,heaththeresa@example.net,Lake Jose,Burkina Faso
2900,Charles Patterson,millerkelly@example.com,Castillofort,Morocco
2901,Jessica Doyle,fmoyer@example.com,Kellyhaven,Colombia
2902,Victor Gray,pburgess@example.com,Rebeccafort,Lesotho
2903,Lauren Reynolds,qfisher@example.org,New Patty,Guinea
2904,Benjamin Benson,darryl62@example.com,Lake Anne,Indonesia
2905,Nathan Velasquez,chad10@example.net,New Brettborough,El Salvador
2906,William Williams,erinjohnson@example.com,Lake John,Mali
2907,Robert Kemp,danielwalker@example.org,Jasonberg,Nauru
2908,Patrick Salas,baileylindsay@example.net,Kristybury,South Georgia and the South Sandwich Islands
2909,Kathleen Lowe,aliciamccall@example.org,Lake James,Guadeloupe
2910,Brian Swanson,sarahware@example.com,Bensonland,Uganda
2911,Bridget Floyd,stricklandamy@example.org,East Michelebury,Turkmenistan
2912,Mrs. Patricia Phillips,seancummings@example.org,Hillstad,American Samoa
2913,Alexis Smith,rosechad@example.org,Lake April,Bahrain
2914,Kayla Vargas,michelle99@example.net,East Michaelland,Guinea
2915,Michael Ali,brian74@example.org,Carmenport,Algeria
2916,Christopher Case,wlong@example.net,Smithview,San Marino
2917,Melissa Johnson,joneschristian@example.com,North George,Trinidad and Tobago
2918,Carolyn Peters,kenneth43@example.net,Port Cathyfort,Antigua and Barbuda
2919,Patrick Mcintyre,baxtermark@example.org,Port Angelaside,Comoros
2920,Jesus Villanueva,wallskatherine@example.org,Angelaborough,Estonia
2921,Michelle Gomez,alvarezamy@example.com,North Brian,Saint Lucia
2922,Joshua Smith,johnburns@example.net,Juanstad,Macao
2923,Jessica Morris,grayedward@example.net,Larsonside,Kuwait
2924,Charles Lawrence,ambersmith@example.com,West Austinburgh,Georgia
2925,Richard Tapia,randall66@example.com,Christopherside,Bhutan
2926,Haley Jones,stephenschristian@example.com,Port Jodibury,Tuvalu
2927,Jonathan Williams,bryan23@example.org,Hoffmanfort,Niue
2928,Julie Ellis,fbarajas@example.org,Lake Kariville,Sweden
2929,Jeff Scott,parkerkatie@example.org,North Elizabeth,New Caledonia
2930,Caleb Fritz,daviskristina@example.net,South Angela,Egypt
2931,Crystal Mendez,marvin57@example.org,West Ruth,Uzbekistan
2932,Jeffrey Gill,josephbaker@example.org,Josebury,Senegal
2933,Kevin Campos,davenportkelli@example.org,Becktown,Burkina Faso
2934,Christopher Mcintyre,davisvictoria@example.com,Jessetown,Malta
2935,Robert Carlson,kelleymelanie@example.org,Lake Matthew,Netherlands Antilles
2936,Adam Mitchell,aanderson@example.org,East Jason,Armenia
2937,Susan Lane,xmiller@example.net,New Timothyland,Saint Pierre and Miquelon
2938,Mark Hernandez,cynthia62@example.net,West Tracybury,Svalbard & Jan Mayen Islands
2939,Tamara Good,davidmurray@example.org,West Erin,Mongolia
2940,Jonathon Gibson,pfarley@example.com,South Taylorberg,Liberia
2941,Paul Cook,bradleybonilla@example.org,Port Regina,Chile
2942,Betty Hughes,danderson@example.org,Smithtown,Bhutan
2943,Ronald Wright,lucasjennifer@example.net,Melissaville,Spain
2944,Henry Singh,richardstimothy@example.org,Lake Kimberly,Liberia
2945,George Webb,sabrinaholden@example.org,South Lawrence,China
2946,April Parsons,candice54@example.net,Bakerhaven,Myanmar
2947,Samantha Lynn MD,davislaura@example.org,East Jonathanmouth,Comoros
2948,Timothy Wiley,davisrebecca@example.net,South Jennifer,Christmas Island
2949,John Norman,john97@example.com,South Michaelhaven,Qatar
2950,Rebecca Jones MD,matthew65@example.net,Colemanland,Anguilla
2951,William Mccoy,rebeccastephenson@example.net,Port Marioport,Ecuador
2952,Jamie Torres,parkerrebecca@example.com,Devinchester,Heard Island and McDonald Islands
2953,Mary Gonzales,williethornton@example.net,Port Emmahaven,Liberia
2954,Ashley Horton,bryan76@example.net,New Stevenmouth,Slovakia (Slovak Republic)
2955,Cory Nelson,coxjoseph@example.org,Doyleview,Brazil
2956,Cassidy Lopez,xwilliams@example.net,West Peterhaven,Niger
2957,Ashley Briggs,donaldcarr@example.com,Kathrynside,Kenya
2958,Elizabeth Powers,kaitlinhubbard@example.org,South Cindychester,Moldova
2959,Elizabeth Williams,cmoore@example.com,Port Stephanie,Bermuda
2960,Holly Vaughn,joshuawhite@example.com,New Jenniferside,Palestinian Territory
2961,Bryan Montgomery,michaeldecker@example.net,Hensonmouth,Niue
2962,Daniel Ray,jacksonjacob@example.net,South Jose,Sri Lanka
2963,Ronald Kelly,mary29@example.org,Lisaburgh,Ireland
2964,Nicole Taylor,lfletcher@example.com,Nicholstown,Turkey
2965,Xavier Singleton,velliott@example.net,East Sean,El Salvador
2966,Sara Flowers,laurawalsh@example.com,Lake Williamtown,Ukraine
2967,Wesley Martin,whitney75@example.org,Davisburgh,Mayotte
2968,Amanda Mccullough,jessicathomas@example.org,New Stephanieville,Japan
2969,Lisa Hunter,ehunter@example.org,Meganfort,Samoa
2970,Gregory Price,nrosario@example.com,East Connie,Niger
2971,Aaron Newton,aaron40@example.org,Lorichester,Cape Verde
2972,Shannon Lopez,cynthiarobinson@example.com,Curtistown,Italy
2973,Steven Johnson,leslie07@example.org,Port Jennifer,Mauritius
2974,Angela Chapman,wagnergeorge@example.org,Ryanton,Poland
2975,Teresa Jennings,oneillrickey@example.com,Watsonfort,Estonia
2976,Nancy Brock,ahoover@example.com,Port Angelamouth,Saint Martin
2977,Susan Pierce,ruizlisa@example.org,West Jeremyberg,Guinea-Bissau
2978,Terry Moss,veronica60@example.com,Bartlettview,India
2979,Kelly Gentry,jared27@example.net,Reedberg,Congo
2980,Charles Martin,wesley09@example.com,Ballport,Slovenia
2981,Emily Blankenship,greenmark@example.org,Lake Brandon,Ghana
2982,Robert Cisneros,barrandrew@example.net,Port Matthewland,United States Minor Outlying Islands
2983,Devin Mcfarland,eric90@example.com,Castrohaven,Guernsey
2984,Brian Daniels,wpierce@example.org,Port Stacey,Kazakhstan
2985,Jose Smith,jennifer92@example.com,East Matthew,Lebanon
2986,Connie Randall,qbrown@example.org,South Laura,Malawi
2987,Roger Ward,merritttiffany@example.org,West Jamesfort,Bahamas
2988,Hannah Roman,beverlybrown@example.org,South Amanda,Myanmar
2989,Ashley Cuevas,ahowell@example.com,North Donna,Armenia
2990,Nina Medina,zyoung@example.net,Suttonland,Kyrgyz Republic
2991,Cheryl Hamilton,austin42@example.net,Donaldfort,Mauritania
2992,Joanna Roach,john81@example.net,Gayshire,Mauritania
2993,Michelle Rubio,denisemoody@example.org,Grantview,Dominica
2994,Matthew Peters,princezachary@example.com,Monicashire,Cape Verde
2995,Jon Mclaughlin,tperez@example.com,Juarezland,Norway
2996,Andrew Fisher,allison39@example.org,South Michael,Dominica
2997,Robert Johnson,jacksonrachel@example.net,Port Sharon,Cameroon
2998,Matthew Edwards,victoria34@example.com,Tiffanytown,Belize
2999,Shannon Bauer,dianagarrett@example.org,Migueltown,Guyana
3000,Elizabeth Cardenas,kimberlyknox@example.net,West Leslie,Ireland
3001,Nicole Mosley,dustin55@example.net,Port Tara,Norway
3002,Rachael Walker,wcarlson@example.org,Lake Ann,Suriname
3003,Samuel Rodriguez,carterjessica@example.net,Lopezport,New Zealand
3004,Mary Cardenas,jacobcasey@example.net,West Jonathan,Mongolia
3005,Heather Barber,jalexander@example.net,Robinsonfurt,Mauritania
3006,Robert Maddox,christina08@example.org,Newmantown,Holy See (Vatican City State)
3007,Robert Singh,aaronsolomon@example.com,Claudiatown,Mozambique
3008,Yolanda Wilson,zwhite@example.org,New Joshuahaven,India
3009,Eugene Brock,mpoole@example.org,North Sarah,French Southern Territories
3010,Rebecca Barrett,wjohnson@example.com,Gravesstad,Lebanon
3011,Jenna Rios,anthony64@example.net,Russellberg,Congo
3012,Monica Thompson,bhayes@example.com,Jenniferville,Pakistan
3013,Kimberly Daniels,nicole45@example.com,Port Davidbury,South Georgia and the South Sandwich Islands
3014,Andrea Moore,jenniferfranklin@example.org,Reginaldchester,American Samoa
3015,Sandra Montgomery,jeffreypollard@example.com,West Madison,Singapore
3016,Robert Rivers,barnettbrian@example.com,West Devin,Serbia
3017,Brandon Rivas,kaguirre@example.org,Cohenview,Andorra
3018,Elizabeth Murray,ericadiaz@example.com,North Andrewshire,Anguilla
3019,Karen Simmons,sgarcia@example.org,North Eric,Cameroon
3020,Alexis Williams,fergusonsarah@example.com,East Gregoryhaven,Russian Federation
3021,Jose Morris,larrypatel@example.com,Brianberg,Western Sahara
3022,Randy Martinez,elizabeth65@example.net,Grayside,Palestinian Territory
3023,Bridget Page,deborahhart@example.org,Isaacville,Liberia
3024,Catherine Velez,brownmelissa@example.net,South Cynthiatown,Montserrat
3025,Debra Griffin,shelbycurry@example.org,Port Kevin,Indonesia
3026,Shelly Sutton,dperez@example.org,Bradyshire,Saint Helena
3027,Larry Mayer,danielwillis@example.org,West Jessica,Congo
3028,Jessica Gonzalez,ojoyce@example.com,New Patrickmouth,Moldova
3029,Kristin Smith,shawn77@example.net,Molinamouth,Senegal
3030,Sara Hicks,fpeck@example.com,Fordstad,Trinidad and Tobago
3031,Jeanne Wong,wallacethomas@example.net,Port Amyport,Poland
3032,William Doyle,christopherfields@example.org,Hartbury,Anguilla
3033,Peter Anderson,uhiggins@example.com,East Sandrafort,United Kingdom
3034,Crystal Cole,franklinantonio@example.com,Berryborough,Montenegro
3035,Jennifer Rodgers,stanley92@example.com,Danielmouth,Rwanda
3036,Tracy Hamilton,ashleyyoung@example.com,South Matthewton,Slovenia
3037,Timothy Thompson,cdudley@example.net,Antonioborough,Chad
3038,John Conner,dennis20@example.org,Lamberg,Northern Mariana Islands
3039,Denise Rice,ofletcher@example.org,Gallowayburgh,Barbados
3040,Theresa Bartlett,davidfry@example.net,Lake Samantha,Jersey
3041,Derrick Walton,nancyoliver@example.org,West Karen,Bulgaria
3042,Eric Wright,jbarr@example.net,North Rebecca,Vietnam
3043,Michelle Brown,mholmes@example.net,Brendaborough,Germany
3044,Pamela Snyder,qdiaz@example.org,Lake Brooke,Guinea
3045,Barbara Gray,kevin22@example.org,East Kelsey,United States Minor Outlying Islands
3046,Mark Munoz,aarias@example.com,Curryport,Puerto Rico
3047,Mary Sutton,phillipsjane@example.net,Garciachester,Heard Island and McDonald Islands
3048,Devin Ho,jessicalewis@example.com,Lake Fernandoberg,Croatia
3049,Jeffrey Adkins,chenpeter@example.net,Sparksville,Kyrgyz Republic
3050,Lisa Morris,robert63@example.org,Blairshire,Indonesia
3051,Kathy Miller,davidewing@example.net,Bishopchester,Holy See (Vatican City State)
3052,Debra Smith,matthew05@example.org,Matthewshire,Western Sahara
3053,Kayla Fischer,sryan@example.net,Adamburgh,Sierra Leone
3054,Mr. Brandon Lee,serranorodney@example.com,South Mary,Ireland
3055,Martin Simpson,kyle10@example.org,Millershire,Mozambique
3056,Joseph Allen,mmendoza@example.net,West Jaclynmouth,Christmas Island
3057,Brett Campbell,eileenmurphy@example.com,Rachelhaven,Pakistan
3058,John Castillo,xcochran@example.net,East Jayshire,Bosnia and Herzegovina
3059,Rachel Matthews,deborahbaker@example.com,New Robert,Ethiopia
3060,Carlos Dunn,rhondaklein@example.org,Ryanport,Kuwait
3061,Barbara Sullivan,michaelsmith@example.net,North Jeremyburgh,Bolivia
3062,Brady Smith,kennethjohnson@example.org,West Natasha,Portugal
3063,Nathan Stein,keith68@example.com,Simpsonfort,Reunion
3064,Amy Prince,langashley@example.com,Port Robert,Bosnia and Herzegovina
3065,Lisa Holder,nathanwiggins@example.net,Mortonburgh,New Caledonia
3066,Paul Moore,alisha78@example.net,Lake Johnathan,Saint Helena
3067,Matthew Gonzalez PhD,fcarney@example.com,Brownland,Niger
3068,Jamie Maldonado,gabriellehernandez@example.com,West Jenniferburgh,Israel
3069,Tony Vazquez,beckerpatrick@example.net,New Robert,Djibouti
3070,Alan Price,eric55@example.net,Karenmouth,Cote d'Ivoire
3071,Paul Sullivan,millerchristopher@example.net,Lake Jerry,Bolivia
3072,Penny Baker,carrie41@example.com,Port Annaport,Palau
3073,Rebecca Warren,heathertaylor@example.org,Hayestown,Algeria
3074,Angela Hanson,paul92@example.com,Crawfordfort,Comoros
3075,David Long,westsuzanne@example.net,South Charles,Iceland
3076,Gregory Cochran,natalieortiz@example.org,South Robertville,Colombia
3077,Rickey Daniels,burgessjeffrey@example.org,Port Michaelmouth,Spain
3078,Kenneth Morris,longmelissa@example.org,Port John,Kuwait
3079,Lance Young,marcus31@example.net,Amandatown,Rwanda
3080,Maria Mueller,dustingonzales@example.org,Amberview,Saint Vincent and the Grenadines
3081,Christopher King,jacob90@example.com,Jamesport,Isle of Man
3082,Terry Johnson,spencerkathryn@example.net,East Robertborough,Slovenia
3083,Barry Freeman,debbie53@example.org,Reyesville,French Guiana
3084,Erin Wilson,mcgeerachel@example.org,Brianaview,Lebanon
3085,Jason Green,roberthowe@example.net,New Thomasside,Egypt
3086,Meagan Carpenter,brianna52@example.net,Carlfurt,Namibia
3087,Ashley Walker,davidroberts@example.org,Fischerview,Cambodia
3088,Wesley Chavez,randytate@example.com,Lowerybury,Niger
3089,Daniel Harris,kennedyfrank@example.org,Jamesfort,North Macedonia
3090,Steven Thomas,alyssalee@example.net,Higginsmouth,Belgium
3091,Robert Williams,lisa21@example.net,Ortizmouth,Comoros
3092,Luis Wiley DDS,anthony69@example.com,North Johnny,Cayman Islands
3093,David Ross,nclarke@example.org,West Jenniferhaven,Bangladesh
3094,Janet James,jessicarobinson@example.org,Lake Jonathan,Slovakia (Slovak Republic)
3095,Jimmy Hunter,hcohen@example.net,South Donnamouth,Ecuador
3096,Jon Williamson,woodwalter@example.net,West Ryan,Kiribati
3097,Carla Vasquez,zachary68@example.com,North Debraland,Cayman Islands
3098,Charles Watson,lesliehester@example.net,South Angelatown,French Guiana
3099,David Taylor,xjohnson@example.com,Amberburgh,Singapore
3100,Steve Dean,arthur14@example.org,Harveyborough,Bermuda
3101,Gregory Woods,williamchen@example.com,Petersonshire,Korea
3102,Patrick Haley,kleincassandra@example.com,Maryfort,Palau
3103,Marc Brown,robert08@example.com,Barnesville,Saint Lucia
3104,John Wagner,cpham@example.com,Port Kathleenmouth,Spain
3105,Jacob Mcdaniel,stephanieedwards@example.org,Lake Brian,Gambia
3106,Sabrina Stone,brianallen@example.com,Lake Henry,Solomon Islands
3107,Michelle Castaneda,andrea39@example.org,Jamesbury,Solomon Islands
3108,Jordan Black,garrettjustin@example.org,East Andreafurt,Zimbabwe
3109,Michael Vaughn,tyronejuarez@example.org,North Robertville,Jersey
3110,Andre Calderon,peterwhite@example.net,West Josephside,Guinea-Bissau
3111,Stephanie Harris,anthony71@example.net,Port Ann,Bosnia and Herzegovina
3112,Martin Steele,henrynicole@example.com,Marvinburgh,Turkey
3113,Marvin Phillips,jwood@example.org,Port Nancy,Greenland
3114,Robert Holmes,graycheyenne@example.net,East Mauricetown,Saudi Arabia
3115,Brooke Gomez,kmartinez@example.com,North Erica,Saint Vincent and the Grenadines
3116,Alexis Murphy,james47@example.com,North William,Iceland
3117,Daniel Park,xryan@example.org,Lake Francisland,Mongolia
3118,Janet Hopkins,ysteele@example.net,South Sharonstad,Gibraltar
3119,Julie Hart,tstone@example.org,Phillipsside,Russian Federation
3120,Kathryn Wright,jennifer99@example.com,Lake Catherine,Cayman Islands
3121,Henry Leblanc,stephanie89@example.net,Port John,Panama
3122,Christina Lopez,torreserin@example.net,East Danielle,Ukraine
3123,Beth Mccann,aarondaniel@example.net,West Brett,Hong Kong
3124,Michele Thompson,kennethgarcia@example.net,North Jamesport,Albania
3125,Julie Cummings,diazsteven@example.net,Berryside,Tonga
3126,Joshua Combs,henrywilliams@example.com,East Billy,Belize
3127,Michael Webb,mckeemartin@example.com,Riversborough,Nauru
3128,Robert Moore,michaelmiller@example.net,West Markfort,Madagascar
3129,Robert Fernandez,atkinsonchristopher@example.com,West James,Poland
3130,Pamela Nelson,tamara61@example.net,Josephville,Barbados
3131,Travis Short,salazarrobert@example.com,North Haleyhaven,China
3132,Heather Morton,oschwartz@example.org,Lake Chadstad,Luxembourg
3133,Barry Kim,whitneycarter@example.org,Williamberg,Burundi
3134,Carlos Davis,valerie62@example.org,West Jenniferfort,Kenya
3135,Whitney Hunt,baxtermichelle@example.com,West Andrewfort,Sudan
3136,Terri Nixon DDS,robinsonapril@example.org,East Johnburgh,Cayman Islands
3137,Kristen Christian,carla52@example.com,West Sarafort,Cape Verde
3138,Lisa Brown,april94@example.com,Johnsonbury,Algeria
3139,Leslie Smith,etorres@example.org,Kaylamouth,Sierra Leone
3140,Corey Richardson,nathan22@example.net,Miketown,Honduras
3141,John Roberts,kromero@example.org,Nicholsfurt,Guinea-Bissau
3142,David Jenkins,keithwilson@example.org,Jorgefurt,Macao
3143,Emily Ramos,leonkimberly@example.org,Christopherland,Spain
3144,Vincent Wright,franktodd@example.com,Jeffreystad,Niger
3145,Jason Esparza,horneryan@example.com,East Devin,South Africa
3146,Brian Preston,torresdenise@example.com,Lake Shannontown,Bosnia and Herzegovina
3147,Caleb Huber,htaylor@example.com,Lake Brittanytown,Rwanda
3148,Melissa Hess,chandlerkyle@example.org,Salasshire,Vietnam
3149,Gary Blankenship,jacobconley@example.net,Evanston,Martinique
3150,David Valdez,jamie99@example.com,Watkinsmouth,Tonga
3151,Amy Davila,johnsonlinda@example.org,South Sarashire,Gambia
3152,Jennifer Moore,tammie40@example.com,West Laurenfurt,Angola
3153,Lori Mendoza,qstevens@example.org,Lake Victoriaberg,Austria
3154,Veronica Coleman,allisonmathews@example.net,New Biancaborough,Tuvalu
3155,Jasmine Mcknight,dawn26@example.com,New Andreamouth,Poland
3156,Brandy Brown,award@example.org,Lake Jamesfort,Mali
3157,Joseph Green,joelpeters@example.com,Hughesmouth,Samoa
3158,Nicole Douglas,ericamoore@example.org,Davisborough,Ecuador
3159,Troy Davis,lauren97@example.com,Smithton,Pitcairn Islands
3160,Matthew Sexton,vcontreras@example.net,Lake Javier,San Marino
3161,Jeffery Goodman,nicole41@example.com,West Samanthaton,Germany
3162,Andrea Blanchard,pdonovan@example.org,North Gloriafort,Libyan Arab Jamahiriya
3163,Victoria Smith,huffthomas@example.org,Reginaldside,Falkland Islands (Malvinas)
3164,Wendy Gonzales,cartermichelle@example.net,South Peter,Paraguay
3165,Jennifer Cruz,hannah82@example.net,South Shawnhaven,United Kingdom
3166,Donald Young,tamaravaughn@example.net,Port Jeffreyfort,Macao
3167,David Morgan,johncisneros@example.org,Novakstad,Belarus
3168,Cole Simmons,bolsen@example.org,East Craigborough,Kazakhstan
3169,Gabriel Robbins,randolphcharles@example.net,Turnermouth,Saint Martin
3170,Connor Cook,gmurphy@example.net,Andrewmouth,British Virgin Islands
3171,Eduardo Miller,adam86@example.com,Bakerfort,Oman
3172,Scott Morris,cindygillespie@example.com,Wongville,Saint Pierre and Miquelon
3173,Megan Zimmerman,robert08@example.com,Mooneyshire,Saint Barthelemy
3174,Victor Aguilar,rachel15@example.org,Williamsberg,Pakistan
3175,Erika Aguilar,krivera@example.com,Port Annamouth,Libyan Arab Jamahiriya
3176,Stephanie Williams,xserrano@example.net,Lake Tyler,Togo
3177,Benjamin Miller,derrick85@example.net,North Stephanie,Barbados
3178,Justin Butler,samuel95@example.com,Garrettburgh,Burkina Faso
3179,Douglas Pitts,brandonlevine@example.net,Collinsmouth,Nicaragua
3180,Cheryl Gonzales,rstephens@example.net,Lake Nicholasstad,Martinique
3181,Marcus Hudson,operkins@example.org,Kristaside,Brazil
3182,Andrew Evans,jose24@example.net,East Barbara,Thailand
3183,Mark Bond,simsjenna@example.com,New Jeffreyton,Nigeria
3184,Jesse Holloway,thomas77@example.net,Prestonfort,Ecuador
3185,Matthew Jones,carlos97@example.net,West Christopher,Greece
3186,Katie Massey,annacrosby@example.org,East Julietown,Somalia
3187,Lauren Johnson,tracy04@example.net,Campbellville,Korea
3188,Samuel Lewis,frankhunt@example.org,West Tiffanytown,Palau
3189,Brian Malone,ravenyoung@example.com,West Josephburgh,Palau
3190,Michael Williams,valdezcarla@example.org,Port Mauriceshire,Bermuda
3191,Julie Wells,melissacampbell@example.com,Smithfurt,Germany
3192,Sharon Walls DVM,jeffrey71@example.com,Port Zachary,Brunei Darussalam
3193,John Johnson,jeffrey84@example.net,North Michaelberg,Spain
3194,Leslie Miller,sarahvalentine@example.com,Jenniferside,Slovenia
3195,Howard Weber,thomas88@example.net,Wrightland,Guinea
3196,Ronnie Gonzalez,sheilamills@example.net,Davisland,Portugal
3197,Colleen Russell,nancyschmidt@example.com,West Samanthaborough,Zimbabwe
3198,Meghan Martinez,carsonjamie@example.com,West Wanda,Martinique
3199,Dylan Perry,chavezsteven@example.com,Lake Williamborough,Ghana
3200,Cynthia Best,kellybrandon@example.com,South Daniellebury,Korea
3201,Robert Bradley,jennifer30@example.net,West Stephanie,Benin
3202,Charles Baxter,zguerrero@example.com,South Michael,Tanzania
3203,Gregory Davis,ismith@example.org,Torreshaven,Honduras
3204,Phillip Olsen,kingeugene@example.org,North Julie,Bermuda
3205,Susan Russell,jamielucas@example.com,Chadport,Nauru
3206,Michael Lang,gregoryryan@example.org,Jeffreyhaven,Saint Martin
3207,Renee Anthony,hkim@example.com,New Stephenstad,Monaco
3208,Kyle Jones,connie34@example.net,Mcleanland,Uganda
3209,Annette Garcia,gsaunders@example.org,Norrisbury,Marshall Islands
3210,Kevin Simpson,coxsamuel@example.org,Coxfort,Sudan
3211,Rachel Williams,combsjoseph@example.com,Johnsonfort,Svalbard & Jan Mayen Islands
3212,Jonathan Hogan,ortegajillian@example.net,North Davidchester,Macao
3213,Jeffrey Hanna,garcianancy@example.net,East Johnberg,Seychelles
3214,Charles Robinson,andrewsthomas@example.net,Port Robynberg,Togo
3215,Nicole English,jalvarado@example.net,North Matthewborough,British Virgin Islands
3216,Andrew Anderson,beckmartha@example.com,Rogersstad,Bosnia and Herzegovina
3217,Jacqueline Moore,skinnersusan@example.net,South Albertland,Guadeloupe
3218,Mark Fuentes,harrychase@example.net,Tammyborough,Greenland
3219,Joshua Robbins,rpoole@example.net,Amberfort,Equatorial Guinea
3220,Nathan Campbell,thomaswilliam@example.net,North Melissaburgh,United States Minor Outlying Islands
3221,Joseph Spears,gsolomon@example.org,Haleymouth,Yemen
3222,Mark Mckinney,tanya07@example.org,Marthaton,Oman
3223,Regina Robinson,swansonkatelyn@example.net,Alexandertown,Mongolia
3224,Laurie Hernandez,allen01@example.com,North Elizabethshire,Iran
3225,Micheal Lee,fherrera@example.org,North Monique,Sierra Leone
3226,Holly Holloway,melissalewis@example.com,Seanstad,Syrian Arab Republic
3227,Brent Harris,ramirezbilly@example.org,Port Joshuashire,Nigeria
3228,Mia Johnson,nwalker@example.org,Stevenshire,Nauru
3229,Ashley Vance,angelabecker@example.com,West Paige,Barbados
3230,Curtis Thomas,daniel83@example.com,Andrewport,Guinea-Bissau
3231,Charles Acosta,kcox@example.com,Wilsonland,Tuvalu
3232,Kristin Thomas,brent03@example.net,Port Richard,Guadeloupe
3233,Joseph Hendricks,larryadams@example.org,Josephside,Aruba
3234,Lisa Burke,michellewilson@example.com,Richardport,San Marino
3235,Tina Lambert,megan64@example.org,West Erichaven,Guatemala
3236,Anthony Villanueva,patricia89@example.com,Meganton,Pakistan
3237,Victor Walker,lhuber@example.net,Scottbury,Moldova
3238,Patricia Lee,woodmarissa@example.net,East Jenna,Japan
3239,Christie Sparks,cheryl11@example.net,Sanchezmouth,Croatia
3240,Teresa Murray,pwhitaker@example.com,Foxfort,Syrian Arab Republic
3241,Chad Frank,charlessullivan@example.com,Ramosbury,Turkey
3242,Samantha Mcdaniel,jonathan85@example.net,West Richardland,Peru
3243,William Estes,tracy25@example.com,Armstrongberg,Djibouti
3244,Valerie Winters,owood@example.org,Cooperberg,Niger
3245,Sherry Hall,annfinley@example.org,West Kelseybury,Mayotte
3246,Janet Sullivan,anne39@example.com,Pattersonstad,Comoros
3247,Michael Myers,zmoore@example.org,New Jessica,Norfolk Island
3248,Nicole Miller,michaeldawson@example.net,North Debra,Liechtenstein
3249,Lisa Phillips,lauren62@example.com,Charlesstad,Antarctica (the territory South of 60 deg S)
3250,Julie Franklin,steelenicole@example.com,Lake Virginiastad,Finland
3251,Ralph Johnson,johnfoster@example.org,Jacksonview,Afghanistan
3252,Stephanie Brady,preyes@example.com,Amyview,Finland
3253,Kimberly Rogers,jonathan06@example.org,New Emilyville,Peru
3254,Jesus Rogers,lowealexis@example.com,Margaretburgh,Canada
3255,Curtis Mason,donaldsonchristopher@example.net,Lake Madison,Martinique
3256,Tonya Melendez,bill61@example.com,Solomonport,Tokelau
3257,Melissa Garcia,gutierrezwilliam@example.com,North Stephanie,Marshall Islands
3258,David White,michaelsmith@example.com,South Vincent,Falkland Islands (Malvinas)
3259,Elizabeth Clark,heatherraymond@example.com,Rachelborough,Iraq
3260,Joshua Underwood,wclark@example.org,South Amberport,Guam
3261,Alex Pham,davidhull@example.com,South Jessica,Estonia
3262,Susan Cox,whill@example.net,Emilyville,Pitcairn Islands
3263,Julie Carroll,srodgers@example.net,Murphyburgh,Malawi
3264,Christopher Smith,ashlee03@example.com,Port Jameshaven,Malta
3265,Allison Jensen,jay07@example.net,North Shelbymouth,Guadeloupe
3266,Jacob Nguyen,mackenziegallagher@example.org,Fernandezberg,Liechtenstein
3267,Kaitlyn Walker,martinezthomas@example.com,South Ronaldmouth,Maldives
3268,Mark Wolfe,natalie29@example.com,New Joshua,New Zealand
3269,Katherine Campbell,brittany60@example.com,Harryport,Micronesia
3270,Wayne Hall,angela02@example.org,Lake Jamie,French Guiana
3271,Tammy Powell,michelleholmes@example.org,West Tracy,Fiji
3272,Lisa Johnson,thompsonjustin@example.net,Allenstad,Christmas Island
3273,Stephanie Walker,cherylcarlson@example.com,Frederickhaven,Barbados
3274,Tyler Mccann,lgarcia@example.net,Port Aaronbury,Dominica
3275,Melissa Martin,dakota63@example.net,Carolmouth,Saint Lucia
3276,Tara Mitchell,proctorcynthia@example.com,Ibarraport,Nauru
3277,Beth Martinez,william16@example.org,Watsonside,Mauritius
3278,Charles Arnold,sjones@example.com,Port Alan,Montserrat
3279,Sarah Richardson,lhernandez@example.com,Juanside,Guernsey
3280,Joel Rivera,osaunders@example.org,Beardshire,Armenia
3281,Alison Smith,oconnelldavid@example.com,Lopezshire,Mali
3282,Matthew Perkins,burnettcharles@example.org,Samanthachester,Montenegro
3283,Joyce Wells,aeaton@example.net,West Joseph,Guyana
3284,Howard Wade,tking@example.com,Jenniferburgh,Guinea-Bissau
3285,Michael Anderson,hhansen@example.com,Port Johnny,Malta
3286,Andrew Hebert,vphillips@example.net,Gloverview,Kuwait
3287,Daniel Berry,marshmichael@example.net,Gonzalestown,Russian Federation
3288,Leah Randolph,hillleslie@example.net,Joeside,Taiwan
3289,Jonathan Petersen,ywalker@example.com,Morrisonview,Taiwan
3290,Brenda Moore,melissa58@example.net,East Kristenview,Micronesia
3291,Wendy Parker,tashley@example.net,Port Melindaside,Kyrgyz Republic
3292,Julie Li,amy83@example.com,West Colleenborough,Lao People's Democratic Republic
3293,John Rollins,martinezerin@example.net,Joneston,South Africa
3294,Michael Martin,mitchelljennifer@example.net,South Oliviaborough,Armenia
3295,Jessica Higgins,baxterparker@example.com,Kellyshire,Liberia
3296,Kim Lin,jonesmark@example.com,East Travis,Niger
3297,Steven Jones,james07@example.net,West Jillianside,Germany
3298,Amanda Jackson,taylorscott@example.net,Andersonburgh,Sudan
3299,Erika Rodriguez,carterpamela@example.com,Nicholasborough,Marshall Islands
3300,Laurie Day,howelllisa@example.com,Diazfort,Spain
3301,Jaime Thomas,devon20@example.net,Lake Amber,Saudi Arabia
3302,Gregory Cabrera,ortegatyler@example.net,Edwardshire,Brazil
3303,Stephanie Bell,kimberly84@example.net,Gailhaven,Panama
3304,Julie Roberts,zbanks@example.com,East Joseshire,Taiwan
3305,Andrea Torres,anne74@example.com,Port Timothy,Mongolia
3306,Allen Jenkins,elong@example.net,Lake Seanburgh,Vanuatu
3307,Michelle Barrett,fishertony@example.org,Crystalshire,Algeria
3308,Bryan Lee,sheila99@example.net,Barnettbury,Jersey
3309,Mark Hicks PhD,john19@example.net,East Christinaville,Equatorial Guinea
3310,Ellen Flores,phillipsrichard@example.net,North Brandonton,Moldova
3311,Patrick Kennedy,lindsay62@example.org,Jamesmouth,Netherlands Antilles
3312,James Johnson,randyscott@example.org,Port Tina,Sierra Leone
3313,Brenda Hubbard,christopherbruce@example.net,South Aaronfurt,Slovakia (Slovak Republic)
3314,Sarah Scott,rodriguezricky@example.org,East Sarah,Tonga
3315,Carrie Schroeder,xtaylor@example.net,New Stevenport,Mali
3316,Ryan Tran,jonescandice@example.org,New Audreyfurt,Trinidad and Tobago
3317,Louis Brown,greenjerry@example.com,Lake Ashley,Bouvet Island (Bouvetoya)
3318,Rachel Ritter,burnsteresa@example.org,South Brandistad,Brunei Darussalam
3319,Peter West,adriana64@example.org,Georgehaven,Nicaragua
3320,Edward Campbell,nmyers@example.org,Kiaraport,Jamaica
3321,James Nelson,adamsanthony@example.com,Torresside,Norfolk Island
3322,Robert Morris,smartin@example.net,Jennifershire,Gambia
3323,Nicole Carter DVM,uthompson@example.com,Halltown,Guernsey
3324,Caitlyn Ford,carolynmccarty@example.net,Lake Nicholas,Thailand
3325,Ariel Patel,regina66@example.net,Welchport,El Salvador
3326,William Houston,xlucas@example.net,Port Shannon,Iraq
3327,Thomas Thornton,coleandrea@example.org,Nataliehaven,Turks and Caicos Islands
3328,Jason Washington,timothy72@example.org,West William,Andorra
3329,Johnny Turner,tommy67@example.net,East Alyssa,Serbia
3330,Douglas White,sgallagher@example.com,North Jessica,Taiwan
3331,Justin Esparza,carrieruiz@example.org,Mathisstad,Vietnam
3332,Jason Rivers,garciaalicia@example.net,East Dianaburgh,Heard Island and McDonald Islands
3333,Kenneth Shea,pdavies@example.org,West Carlymouth,Macao
3334,Daniel Murray,desiree68@example.org,Timothyburgh,United States Minor Outlying Islands
3335,Katie Lewis,joshua09@example.org,East Nataliemouth,Estonia
3336,John Yoder,jeremystone@example.com,South Stevenchester,Hungary
3337,Valerie Byrd,aguilarlarry@example.net,Adamsbury,Niger
3338,Gregory Morris,rpearson@example.org,North Brentbury,South Africa
3339,Alvin Wilson,qmaxwell@example.net,Phillipsville,Central African Republic
3340,Mitchell Jones,smithaustin@example.org,Lake Austinburgh,Bermuda
3341,Melissa Ellis DDS,sperez@example.com,Yvonneview,Thailand
3342,Cesar Anderson,amybradford@example.com,Justinstad,Holy See (Vatican City State)
3343,Mr. Richard Gibson,dgomez@example.org,Trujilloport,Belgium
3344,Bridget Pollard,christineclayton@example.com,North Carrieville,Jordan
3345,David Diaz,kmatthews@example.com,North Taylorton,Chile
3346,Kathleen Johnson,robertsadam@example.org,Port Leahside,Turkmenistan
3347,Stephanie Webb,jwaller@example.org,Samanthafurt,Egypt
3348,Patricia Freeman,wangkaren@example.com,New Rachel,Ireland
3349,Emily Brown,rbass@example.net,East Anthony,Slovakia (Slovak Republic)
3350,Darrell Richardson,brenda49@example.com,North Ronaldbury,Korea
3351,Paul Nelson,nicholelopez@example.net,Lake Taylor,Greenland
3352,Mary Hill,cookkeith@example.net,East Hannahview,Saint Barthelemy
3353,Ann Parsons,williamsshelly@example.com,Calhounside,British Indian Ocean Territory (Chagos Archipelago)
3354,Tammy Ellis,coltonkent@example.org,Port Katie,Azerbaijan
3355,Zachary Williams,mitchelllinda@example.org,New Eric,Jordan
3356,Tyler Robbins,jennifer47@example.net,Reynoldsberg,Grenada
3357,Stephen Jennings,pamelaanthony@example.org,South Michaelport,Costa Rica
3358,Frances Cunningham,michael41@example.net,Port Charlesmouth,Mongolia
3359,Jason Bryan,allison18@example.org,Lake Robert,Serbia
3360,Sara Williams,normanmitchell@example.org,North Morgan,Sweden
3361,Erin Cooper,aclark@example.com,East Jocelyn,British Virgin Islands
3362,Courtney Morris,amber75@example.com,Williamsfurt,Reunion
3363,James Smith,wrichardson@example.org,North Sharonside,Korea
3364,Olivia White,christianmartin@example.org,Kimberlyview,Germany
3365,Christopher May,michellevillarreal@example.org,Jeffreyburgh,Dominican Republic
3366,Melissa Goodman,oconnormichael@example.org,Emilyland,Guyana
3367,Timothy Roman,gonzalezscott@example.net,Lake Karenchester,United States Minor Outlying Islands
3368,Michelle Salazar,martinlinda@example.org,Hernandezberg,Guernsey
3369,Tracey Smith,iknapp@example.com,East David,Senegal
3370,Natasha Hill,lawrence67@example.com,East Renee,France
3371,Olivia Lee,kathleenwilson@example.net,East Christina,Cyprus
3372,Crystal Cooper,joseph46@example.org,West Sherrimouth,Gambia
3373,James Glass,jeremyblack@example.org,Taylorhaven,Equatorial Guinea
3374,Christine Lawson,randerson@example.org,East Joseph,Moldova
3375,Cindy Lynch,hgraham@example.net,Leeburgh,Yemen
3376,Frank Clark,boylecarla@example.org,Davidport,Vietnam
3377,Matthew Stout,rossveronica@example.net,East Sharon,Cambodia
3378,Curtis Moss,daviskayla@example.com,South Victoriahaven,French Southern Territories
3379,Jason Davis,mturner@example.net,South Jesse,Gibraltar
3380,Jacqueline James,jacksonchelsea@example.net,Lake Jessicashire,Heard Island and McDonald Islands
3381,David Castro,hhenry@example.net,Velezbury,Tajikistan
3382,Nicole Baker,kimberlyzimmerman@example.net,New Danielborough,Israel
3383,Brett Jimenez,bguzman@example.net,West Aprilview,Bulgaria
3384,Shane Phelps,whiteheadgilbert@example.com,Jocelynmouth,Swaziland
3385,Jordan Brennan,christopher52@example.com,North Alexander,Tanzania
3386,Katie Norman,jonathan84@example.org,Connieside,Nicaragua
3387,Ryan Shannon,heather69@example.org,Port Anthony,Poland
3388,Crystal Jacobson,amberstrickland@example.net,Amandaborough,French Southern Territories
3389,David Estrada MD,austin21@example.net,Fowlerton,France
3390,Michael Casey,tyler54@example.com,Allisonville,Monaco
3391,Sabrina Fisher,briancook@example.net,East Kennethview,Greece
3392,Lorraine Oconnor,vhoffman@example.net,Walkerborough,Eritrea
3393,Seth Powell,anthony62@example.com,Perezview,Peru
3394,Lisa Stewart,brianbutler@example.com,East Jason,Netherlands
3395,Gina Moss,jgordon@example.net,Port Jeremy,Martinique
3396,Lisa Washington,aaron61@example.com,Rileymouth,Czech Republic
3397,Bianca Fletcher,adam89@example.net,Guerrerotown,Maldives
3398,Chase Smith,singhanne@example.org,West Melinda,Syrian Arab Republic
3399,Aaron Wagner,george98@example.org,Robertport,Vanuatu
3400,Jennifer Ross,kirkmichelle@example.org,Bonnietown,Vanuatu
3401,Adam Alexander,uhogan@example.net,Port Robertview,Falkland Islands (Malvinas)
3402,William Berry,neallinda@example.net,Danahaven,Norway
3403,Andrew Perez,cmendez@example.org,Deanton,Iran
3404,Sara Logan,smiller@example.com,Ellisside,Sudan
3405,Brian Williams,gibsondanielle@example.org,Dennisside,Lebanon
3406,Alexis Carter,iday@example.net,South Lucas,Sudan
3407,Michael Mclean,kennethkeller@example.net,Reyesmouth,Ethiopia
3408,Jessica Lee,ambercunningham@example.net,Velasquezport,Chile
3409,Joseph Hill,rachelbrown@example.com,New Stevenstad,Uzbekistan
3410,Dr. Julia Miller,qsimmons@example.org,North Raymond,Guatemala
3411,Diana Kim,jonesnathan@example.net,North Catherineland,Seychelles
3412,Ryan Wright,gbarnes@example.org,West Adriennemouth,Turks and Caicos Islands
3413,Patrick Lee,oconnellbryan@example.com,Andrewston,Antarctica (the territory South of 60 deg S)
3414,Anthony Garcia,jsilva@example.net,South Briannafurt,Croatia
3415,Karen Griffith,howardtravis@example.org,Sarahchester,Thailand
3416,Ian Terry,mitchell09@example.com,Anthonytown,Trinidad and Tobago
3417,Mr. Joseph Cobb II,benjaminlandry@example.com,North Charles,Holy See (Vatican City State)
3418,Christopher Martinez,benjaminmarquez@example.net,Jamiefurt,Saint Vincent and the Grenadines
3419,Lori Turner,bperez@example.net,South Martin,Austria
3420,Matthew Valdez,teresaliu@example.com,West Douglas,Albania
3421,Doris Cooper,juan17@example.com,East Andreamouth,French Guiana
3422,Kathleen Young MD,sarahfuentes@example.net,Russellhaven,Anguilla
3423,David Fernandez,jasonbright@example.org,East Terri,Brazil
3424,David Villa,halldaniel@example.net,Port Marychester,Turkmenistan
3425,Zachary Martinez,tanyagarrison@example.net,North Katrina,Heard Island and McDonald Islands
3426,Russell Miller,ortizmichele@example.net,Alexistown,Aruba
3427,Brittney Smith,xpowers@example.org,Jenniferstad,Ethiopia
3428,Brett Mitchell,davisscott@example.com,New Paulland,Hong Kong
3429,Stephanie Rice,zmason@example.org,Michellebury,India
3430,Jesse Taylor,cynthiawilson@example.net,Brewermouth,Zimbabwe
3431,Mary Harris,grodriguez@example.org,Karlachester,Egypt
3432,Darin White,carmstrong@example.net,Robinsonport,Costa Rica
3433,Jessica Sherman,oyoung@example.org,Morganmouth,Djibouti
3434,Carl Sullivan,scottjohn@example.org,Port Alexander,Luxembourg
3435,Steven Vargas,mccarthyapril@example.org,Hicksview,France
3436,Paul Rojas,trevor32@example.net,Joeland,Cocos (Keeling) Islands
3437,Angela Davis,margaret13@example.com,Port Peggymouth,Bolivia
3438,Brandon Villegas,chavezpatricia@example.net,Kimberlytown,Puerto Rico
3439,Emily Morales,melissacoleman@example.org,West Jonathan,Saint Vincent and the Grenadines
3440,Martin Burton,charles07@example.net,Popetown,Israel
3441,Kimberly Smith,kenneth99@example.net,Montoyachester,China
3442,Carl Winters,lorraineclayton@example.net,South Derek,Kiribati
3443,Lisa Sanchez,leslieward@example.org,West Samuel,United States Minor Outlying Islands
3444,Michael Black,eugene19@example.com,South Dawn,Venezuela
3445,Deborah Fuller,hooverchristine@example.com,South Tamara,Barbados
3446,Christopher Foley,kevinaustin@example.org,West Michael,Georgia
3447,Maureen Wallace,jacksonwilliam@example.net,Andradefort,Ireland
3448,Eric Moore,chad90@example.org,East Dawn,Mayotte
3449,Rhonda Williams,rodgerslauren@example.com,Smithchester,Ireland
3450,Rebekah Hernandez,ascott@example.com,Port Cristina,Montenegro
3451,Peter Phillips,briana70@example.org,New Michaelhaven,Hungary
3452,Steven Perez,amanda74@example.com,Jessicafurt,Nepal
3453,Deborah Atkinson,arnoldjoshua@example.net,Brendamouth,Bahrain
3454,Laura Lang,rogerdavis@example.com,East Elizabeth,Gabon
3455,Phillip Cobb,vbarr@example.org,South Kristineland,Djibouti
3456,Lauren Evans,mpace@example.com,Elizabethstad,Eritrea
3457,Susan Sellers,theresa64@example.com,South Dustin,Guadeloupe
3458,Brandon Harvey,bettyherman@example.com,Davidchester,Guatemala
3459,John Atkins,ilong@example.org,Hallmouth,Afghanistan
3460,Jessica Hunt,makaylabriggs@example.net,Austinfurt,Australia
3461,Sara Romero,timothy40@example.com,Port Rachelborough,Pakistan
3462,Steven Kent,kyle88@example.org,Henryshire,Cape Verde
3463,Christopher Boyd,kmarquez@example.com,East Georgeton,Oman
3464,Rodney Simon,jeanettecantrell@example.net,North Ivan,Thailand
3465,Tina Davis,stephenschristopher@example.com,North Catherine,Syrian Arab Republic
3466,Blake Velazquez,daviesshawn@example.org,North Frederick,Fiji
3467,Jessica Johnson,sototimothy@example.org,Gonzalesshire,Syrian Arab Republic
3468,Keith Cole,dakota45@example.org,East Tommouth,Philippines
3469,Linda Howard,gibsonchad@example.com,New Seanville,Congo
3470,Jason Fisher,nathan22@example.net,Thomasport,Israel
3471,Elizabeth Martin,mullenbrenda@example.org,West Annborough,United States Minor Outlying Islands
3472,Jamie Ingram,peter71@example.com,Larryside,Slovakia (Slovak Republic)
3473,Monica Powell,baileycynthia@example.net,Sheilabury,Colombia
3474,Michelle Leblanc,johnsmith@example.com,Edwardsfort,Seychelles
3475,James Mitchell,donnaaguilar@example.com,Saraborough,Dominican Republic
3476,Brett Short,tannerandrew@example.com,North Sarah,Gabon
3477,Miguel Harper,michael99@example.com,North Michael,Paraguay
3478,Alex King,cshort@example.org,Danielmouth,Peru
3479,Roy Melton,debraglover@example.com,Port Morgan,Tuvalu
3480,Lisa Clark,xclarke@example.org,Laurastad,Austria
3481,Mike Ellis,johnayala@example.org,Crystalchester,Saint Lucia
3482,Rose Rush,zacharylewis@example.com,Josephland,Rwanda
3483,Mary Johnson,christopher00@example.org,Normanberg,United Arab Emirates
3484,Bobby Carter,palmerdouglas@example.com,Nguyenborough,Portugal
3485,Justin Mason,robertcox@example.org,Douglasmouth,Grenada
3486,Mr. William Hall,karen82@example.net,West Donaldfurt,Saint Martin
3487,Catherine Moore,carolynreese@example.org,West Bonnieview,Greenland
3488,Michaela Thompson,matthew80@example.net,New Stevenmouth,Liechtenstein
3489,Yvonne Weber,elliottrobert@example.net,Kevinmouth,Armenia
3490,Amanda Gentry,zlewis@example.net,South Crystal,Venezuela
3491,Elizabeth Potter,gonzalezjessica@example.org,Javierhaven,El Salvador
3492,Suzanne Mathis,donald40@example.org,Aliciafurt,Sweden
3493,Brandon Gilbert,ygutierrez@example.org,Donnaport,Thailand
3494,Christian Sims,orrjanet@example.net,New Robert,New Caledonia
3495,Anna Love,amberjuarez@example.org,Lake Erinton,Pakistan
3496,George Hernandez,jaclyn56@example.com,West Donald,Isle of Man
3497,Teresa Bryant,stewartkatherine@example.net,Cartershire,Taiwan
3498,Jennifer House,jessewarren@example.org,Cameronland,Cameroon
3499,Brian Jones,christianhoffman@example.org,South Christopher,Svalbard & Jan Mayen Islands
3500,Heather Lewis,bethcole@example.com,Clayburgh,Japan
3501,Kim Park,timothymcguire@example.net,Jonesmouth,Bahrain
3502,Diana Hansen DVM,xdyer@example.org,East Pamelabury,Norfolk Island
3503,Mary Hernandez MD,devinmartin@example.net,Jonestown,Equatorial Guinea
3504,Austin Allison,batesgina@example.com,Tarafort,Christmas Island
3505,Lisa Berg,vmyers@example.org,Smithmouth,Ecuador
3506,Alicia Willis,hoodkimberly@example.net,New April,Equatorial Guinea
3507,Jose Nguyen,kellyblackwell@example.com,South Melissaberg,French Polynesia
3508,Sonya Sanchez,danieljordan@example.org,Gonzalezfort,Indonesia
3509,Samantha Jones,adamsbenjamin@example.org,Lake Kristin,Bahrain
3510,Jennifer Adams,garyperkins@example.org,North Kellyshire,Slovakia (Slovak Republic)
3511,Kevin Melton,xsmith@example.net,North Julie,Ecuador
3512,Kimberly Sanchez,patricia84@example.net,Port Andrew,Turkey
3513,Jessica Perkins,sean56@example.com,Tinaton,Serbia
3514,Kristen Carey,edward09@example.org,North Antonioton,Angola
3515,Raymond Mcmahon,mdiaz@example.net,New Davidchester,Singapore
3516,Kimberly Randolph,daleknight@example.net,New Aliciaview,French Guiana
3517,Emily Smith,douglas10@example.org,Knightchester,Monaco
3518,Daniel James,matthewgrant@example.com,Valerieview,Greece
3519,Cody Fuller,petersnoah@example.org,Miguelhaven,Monaco
3520,Peggy Parker,bcortez@example.org,East Sherri,Bhutan
3521,Michael Hughes,josephlee@example.org,South Matthewtown,Saudi Arabia
3522,Rebecca Bailey,jodiharris@example.com,Port Dale,South Africa
3523,James Morris,nicole49@example.org,Austinshire,Benin
3524,Sarah Riddle,bullocktimothy@example.com,North Gail,Nauru
3525,John Gonzalez,washingtonkenneth@example.org,East Brendaton,Yemen
3526,James Price,kramersteven@example.org,Martinezstad,Marshall Islands
3527,Joe Turner,wsawyer@example.org,Weissview,Mauritania
3528,Travis Suarez,michael67@example.net,Rogersshire,Armenia
3529,Joshua Brooks,gordonlee@example.com,Petertown,Iran
3530,Rachel Adams,fwolfe@example.net,East Patricia,Bahamas
3531,Taylor Grimes,maldonadoeric@example.net,Turnerland,Bangladesh
3532,Scott Sellers,terri03@example.net,North Jeffrey,Antarctica (the territory South of 60 deg S)
3533,Paul Cobb,christopherrodriguez@example.org,West Nathan,Papua New Guinea
3534,Barbara Hardy,curtisbryan@example.com,Hannahborough,Guernsey
3535,Antonio Campbell,adavis@example.com,Karenton,Canada
3536,Carla Sanchez,catherine24@example.net,Annaton,Cuba
3537,Robert Lopez,paulcabrera@example.net,Paulhaven,Fiji
3538,Jacqueline Miller MD,xdavis@example.org,Ericfort,Martinique
3539,Elizabeth Stanley,theresabaker@example.net,New Kerry,Albania
3540,Sonya Caldwell,tyler51@example.net,New Jason,Pakistan
3541,Megan Whitaker,williamsoneric@example.org,West Anna,Grenada
3542,Ricardo Ortiz,samantha85@example.org,East David,Liberia
3543,Gloria Barry,knappjason@example.com,South Jessica,Mexico
3544,Kyle Munoz,gibsonnatalie@example.net,North Angelabury,Finland
3545,Donald Doyle,montoyazachary@example.org,West Janet,Belize
3546,Brooke Palmer,fburnett@example.org,Port Meganbury,Italy
3547,Veronica Powell,erin25@example.net,Bellberg,Holy See (Vatican City State)
3548,Colleen Ponce,michael85@example.org,Lake Ashleymouth,Belize
3549,Dylan Mora,jacqueline45@example.com,South Jessica,Luxembourg
3550,Sarah Porter,mullinsjames@example.org,Lake Scottport,Faroe Islands
3551,Melissa Bennett,josephalvarez@example.net,Lake Bridget,Maldives
3552,Diana Lewis,jstephens@example.org,Port Jennifer,French Southern Territories
3553,Matthew Taylor,vperry@example.com,Rojasside,Algeria
3554,Joshua Christian,kyle05@example.org,New Nathanielhaven,Germany
3555,Autumn Robbins,shirleyjones@example.org,North Michaelside,Spain
3556,Shawn Smith,christopher00@example.com,Port Jennifer,British Virgin Islands
3557,Kimberly Gonzalez,apeck@example.com,Lake Herbertburgh,Iceland
3558,Todd Coleman,christine03@example.com,Port Timothyburgh,Monaco
3559,Tyler Murphy,williamsmichael@example.org,Robleschester,Lithuania
3560,Tracy Wood,robertthompson@example.net,Laneborough,Seychelles
3561,Kimberly Gonzalez,renee37@example.net,New Brucemouth,Guadeloupe
3562,Brian Smith,hurstanna@example.com,North Tonya,Tokelau
3563,Jenny Love,rachelbarrera@example.com,Margaretland,Norway
3564,John Smith,riostony@example.net,Kennedyhaven,Denmark
3565,Jordan Taylor,uanderson@example.org,Lake Williammouth,British Indian Ocean Territory (Chagos Archipelago)
3566,David Mercado,uporter@example.com,South Micheal,Suriname
3567,Kyle Cordova,masonmarilyn@example.org,Justinton,Moldova
3568,Allison Landry,landrews@example.org,Simpsonland,South Georgia and the South Sandwich Islands
3569,William Bryant,stanner@example.org,East Lisatown,British Virgin Islands
3570,Amanda Jackson,hoodangela@example.org,Apriltown,Cocos (Keeling) Islands
3571,Rachel Smith,hwright@example.com,Jenningstown,Kazakhstan
3572,Stacey Strickland,kimberlygray@example.net,West Joseph,Oman
3573,Brian Taylor,wilsonjason@example.org,East Sandra,Jersey
3574,Tyler Vasquez,vescobar@example.org,East Joeltown,British Virgin Islands
3575,Stephen Koch,christina72@example.net,West Alyssa,Paraguay
3576,Carolyn Maynard,iking@example.net,West Kimberlyside,Turkey
3577,Terry Navarro,osmith@example.net,Port Stephaniehaven,Slovakia (Slovak Republic)
3578,Kyle Clark MD,lstokes@example.org,East Charles,Montenegro
3579,Cindy Phillips,blackhector@example.com,Port Michelle,Lebanon
3580,Denise Robinson,keith59@example.net,Bennettstad,United States Minor Outlying Islands
3581,Erin Franklin,sandersjessica@example.org,Nortonland,Niue
3582,Charles Trujillo,molinanicolas@example.net,Lauramouth,Netherlands
3583,Michelle Lowe,gonzalezwilliam@example.org,Murilloside,Colombia
3584,Christine Green,tiffanylewis@example.com,Carrmouth,Sri Lanka
3585,Jacob Banks,alvarezpeter@example.com,West Roger,Nauru
3586,Amanda Alvarado,cmiller@example.net,East Denisefurt,Guam
3587,Tracy Ellis,jasminmorris@example.net,Brianmouth,Bhutan
3588,William Shaw,blevinslee@example.org,South Tonya,Korea
3589,James Henderson,lloydkristin@example.com,Brandonbury,Aruba
3590,Micheal Garcia,lesliesimmons@example.net,Victoriamouth,Andorra
3591,Benjamin Perry,cschaefer@example.org,South Rebecca,Isle of Man
3592,Michael Hurley,ryanmichelle@example.net,Noblebury,Norfolk Island
3593,Todd White,fullerdanielle@example.org,New Adam,Rwanda
3594,Austin Suarez Jr.,autumn63@example.net,North Jennifer,Martinique
3595,Jocelyn Ferguson,stefanie85@example.net,Lake David,Northern Mariana Islands
3596,Susan Foley,bradleychristopher@example.net,Traceyberg,Zimbabwe
3597,Andrew Collier,marymccoy@example.org,Andersonside,Germany
3598,Janice Coleman,sdaniels@example.com,Scotthaven,Norfolk Island
3599,Carrie Frazier,kimberly66@example.org,Scottburgh,Pitcairn Islands
3600,Kathleen Richard,upratt@example.net,South Marychester,Indonesia
3601,Derrick Lee,anthonyjose@example.net,North Mary,Monaco
3602,John Cox,obennett@example.org,East Danaburgh,Kenya
3603,Michael James,pattyherring@example.org,New Jared,Saint Lucia
3604,Jodi Salazar,rachelroman@example.org,Jackbury,New Zealand
3605,Arthur Booth,kingjulia@example.com,Ellischester,Malta
3606,Michael Acosta,knightnathan@example.org,Englishville,Lesotho
3607,Jennifer Fitzgerald,dalexander@example.com,Port Gabriel,Turkey
3608,James Garcia,thomas66@example.org,North Jenna,Tokelau
3609,Maria Johnson,xking@example.net,Laurenborough,Saint Barthelemy
3610,Kathleen Calderon,barbara76@example.org,Port Alexisshire,Trinidad and Tobago
3611,Shelley Walters,lewisangela@example.org,South Adrian,Slovenia
3612,Henry Davidson,alexandria42@example.net,North Kimberly,Kuwait
3613,Rebecca Martinez,jonesnathan@example.net,Durhamville,Portugal
3614,Jacqueline Taylor,zrodriguez@example.org,Stanleyberg,El Salvador
3615,James Arnold,lbruce@example.com,Port Mary,Tonga
3616,Carolyn Curtis,krystal20@example.net,Port Amy,Japan
3617,Regina Proctor,rsmith@example.net,Lake Claire,Heard Island and McDonald Islands
3618,Ryan Graham,austinkaren@example.org,Kimberlymouth,Ecuador
3619,Donald Walker,duartetracy@example.com,East Jasonchester,South Africa
3620,Pam Jacobs,owalker@example.net,Port Deborahshire,Tanzania
3621,Nathan Bird,rebecca20@example.com,Jonesmouth,Switzerland
3622,Juan Ward,pamelakelly@example.com,East Anthonyside,North Macedonia
3623,Debra Dunn,mturner@example.org,Josemouth,Nauru
3624,Daniel Watkins,mckenzie69@example.org,Hansenhaven,Guernsey
3625,Jordan Jackson DDS,wallaceangelica@example.net,New Lisa,Central African Republic
3626,Bradley Shaw,cynthiatorres@example.com,Port Leslieton,Bosnia and Herzegovina
3627,Scott Miranda,denniseric@example.org,West Dylanport,Kiribati
3628,Laura Ortega,eric29@example.com,Port Shaun,Jordan
3629,Joseph Turner,cassandra86@example.com,Deborahshire,Faroe Islands
3630,Victor Johnson MD,juliatorres@example.org,South Angela,Nepal
3631,Kevin Reed,timothy66@example.com,West Christophershire,Guam
3632,Jennifer Edwards,jamesmatthews@example.org,Matthewsport,Greece
3633,James Ellis,bakeranna@example.com,South Stephaniemouth,Montenegro
3634,Christina Richardson,davidshields@example.net,South Carl,Luxembourg
3635,Samantha May,eshepard@example.com,South Edwin,Macao
3636,Amy Miller,haleydavis@example.org,North Stephanie,Falkland Islands (Malvinas)
3637,Eddie Gonzales,christinawalker@example.com,North Gordon,Kyrgyz Republic
3638,Angela Stephens,millernicole@example.org,South Steveberg,Montenegro
3639,Kayla Henson,jerrygreene@example.org,Kevinbury,Djibouti
3640,Michael Lee,meghan91@example.com,Allenshire,Vanuatu
3641,David Robbins,katie11@example.net,Lindatown,Finland
3642,Joseph Kelly,martinezandre@example.com,North Casey,Croatia
3643,Jose Robertson,jacqueline69@example.net,East Kerriborough,Bahrain
3644,Randall Newton,jcardenas@example.org,New Jacobstad,British Virgin Islands
3645,Cheryl Love,ularson@example.org,South Jonathanton,Honduras
3646,Michael Rosario,heather04@example.com,Davisberg,United States Virgin Islands
3647,James Wilson,nicole70@example.com,North Aliciahaven,Christmas Island
3648,Timothy Mason,kingchristopher@example.net,Johnsonport,Malta
3649,Amanda Elliott,jameslopez@example.com,South Tracy,Cameroon
3650,Kendra Harris,johnsonjuan@example.com,East Don,Western Sahara
3651,Robert Turner,tcantrell@example.net,Figueroaborough,Kazakhstan
3652,Michael Nguyen,lisaburton@example.org,Hansonburgh,Iceland
3653,Dalton Gutierrez,sheila56@example.net,East Amy,Faroe Islands
3654,Wesley Herrera,trevor18@example.net,Allisonshire,Korea
3655,Mark Luna,james58@example.org,Moralesmouth,Maldives
3656,Karina Elliott,loganwood@example.com,Patrickton,Azerbaijan
3657,Jack Ochoa,mbennett@example.org,Crosbyberg,Chile
3658,Brenda Holmes,michaelmadden@example.org,Stephanieborough,Congo
3659,Brandon Casey,billcurtis@example.com,Stephanieberg,Poland
3660,Kayla Joyce,payneallison@example.com,West Christopherbury,Panama
3661,Shawn Henderson,daniellebaker@example.net,Amandaport,Taiwan
3662,Megan Carrillo,adam38@example.com,Adamborough,Nepal
3663,Cristina Davidson,icooper@example.com,West Christopher,Colombia
3664,Christopher Velez,pamela21@example.com,Fosterborough,Kuwait
3665,Andre Padilla,ereed@example.org,Johnsonburgh,Venezuela
3666,Jenna Jennings,gherman@example.org,South Crystalside,Colombia
3667,Laura Miller,mcraig@example.org,Vasquezstad,Bosnia and Herzegovina
3668,Ronald Lowery,wmcdaniel@example.com,Caseyborough,Mexico
3669,Karl Graves,clarkwhitney@example.com,East Christinaburgh,Guinea
3670,Robert Mcconnell,candicerush@example.net,East Robin,Sweden
3671,Brent Vazquez,yshea@example.net,Jeanettehaven,Aruba
3672,Denise Bauer,pberg@example.com,North Oscarville,Timor-Leste
3673,Richard Sherman,griffincharles@example.org,Gonzalesfurt,Moldova
3674,Richard Delgado,sandra36@example.com,West Elizabethside,Antarctica (the territory South of 60 deg S)
3675,Martha Tucker,ginafernandez@example.com,West Jessicaberg,Cyprus
3676,Alice Wood,perkinsjulie@example.org,Hoffmanfort,Jamaica
3677,Jennifer Farrell,stephen92@example.net,New Evanville,French Guiana
3678,John Hall,robert83@example.com,New Annetteton,Nepal
3679,Mary Miller,floresbianca@example.net,South Eric,Guam
3680,Michael Mcknight,destiny13@example.org,East Stephenland,Equatorial Guinea
3681,Jamie Fuentes,jgraham@example.net,Martinezville,Latvia
3682,Stephanie Marshall,kwhite@example.org,Brandyburgh,Italy
3683,Andrew Hatfield,robinsonbrian@example.org,Teresaton,Switzerland
3684,Bradley Stokes,vmorrow@example.org,Port Kennethburgh,Nauru
3685,David Johnson,clarkeric@example.org,Garzaland,Svalbard & Jan Mayen Islands
3686,Kimberly Guzman,daynicole@example.net,West Deborahfurt,Germany
3687,Andrea Martin,parkethan@example.com,Lake Frankton,Taiwan
3688,Steven Medina,tracydavis@example.com,Michaelview,Panama
3689,Jeremy Douglas,patrickjoyce@example.com,Sanchezland,New Caledonia
3690,David Davis,erinwalker@example.net,Lake Jenniferfurt,Botswana
3691,Madison Campbell,morganwilliam@example.com,Lake Teresa,Timor-Leste
3692,Roberto Thompson,benjamin28@example.net,West Michaelview,Ghana
3693,Lisa Garcia,qbrown@example.org,South Davidbury,Andorra
3694,Jasmine Anderson,bjohnson@example.com,South Christine,Austria
3695,Justin Logan,jsummers@example.org,North Anita,Vanuatu
3696,Kevin Jones,shannon20@example.org,Lake David,Belgium
3697,Amy Howell,hjames@example.org,New Nicholashaven,Korea
3698,Michelle Cisneros,uburton@example.org,South Rachel,Armenia
3699,Michael Tanner,gonzalesjohn@example.org,Rowebury,Gabon
3700,George Gonzalez,alexander83@example.com,Susanport,Congo
3701,Stacie Spencer,michael61@example.net,Smithview,Spain
3702,Allen Townsend,bauerstephanie@example.org,Nancyside,Kuwait
3703,Whitney Carr,waremelissa@example.com,North Bethany,Australia
3704,Melissa Owen,schwartzkevin@example.net,Linborough,Niue
3705,Richard Miller,tina66@example.com,East Jessicamouth,Greece
3706,Eugene Griffith,david25@example.net,East Theresaville,Swaziland
3707,Kayla Smith,jonathanhood@example.net,East Lawrenceborough,Greenland
3708,Angela Johnson,carolwong@example.org,North Kimberlyview,Palestinian Territory
3709,Matthew Phillips,brownkristie@example.net,New Terri,Iran
3710,Brandon Davila,hortonmelanie@example.com,Thomasside,Germany
3711,Laura Fuller,kennethleblanc@example.com,Samanthastad,British Virgin Islands
3712,Denise Mann,brandytorres@example.net,Gordonborough,Heard Island and McDonald Islands
3713,Joseph Jones,rshields@example.net,South Jessicaville,Norfolk Island
3714,Joseph Banks,jerrythompson@example.com,Hoffmanborough,Albania
3715,Derek Stevens,parsonsjohn@example.net,East Corey,Korea
3716,Tina Palmer,mpowell@example.org,Howardside,Afghanistan
3717,Kristin Taylor,garzarichard@example.com,Huffmanton,Senegal
3718,Rebecca Dean,kiddmanuel@example.net,East Sandrahaven,Equatorial Guinea
3719,James Swanson,daniel55@example.net,Lake Vanessahaven,Gabon
3720,Nichole Johnson,campbellsue@example.net,Wadeview,Northern Mariana Islands
3721,Joshua Walter,ogrant@example.com,North Natasha,Singapore
3722,Steven Taylor,annlopez@example.net,Kimview,Cuba
3723,William Robertson,daniel02@example.net,Stewartborough,Guyana
3724,Joshua Robinson,williammckenzie@example.net,Dwayneland,Pakistan
3725,William Crosby,paulberger@example.com,Wellsfurt,Latvia
3726,John Garza,pdodson@example.org,Estradaview,Saint Vincent and the Grenadines
3727,James Martin,billperkins@example.org,Pattonside,Micronesia
3728,Jordan Beck,aaron18@example.net,East Kathleen,Myanmar
3729,David Spencer,qmccall@example.com,Kaylaville,Ethiopia
3730,Ana Hall,pnewman@example.com,West Jenniferside,Sierra Leone
3731,Kathy Gonzales,pearsonbryan@example.net,Port Jamieside,Zambia
3732,Diana Beard,yduran@example.net,East Juan,China
3733,Antonio Lee,james79@example.net,New Matthewmouth,Palau
3734,Miguel Harris,gloriaperry@example.net,East Michelleville,Senegal
3735,Duane Sawyer,weissstephanie@example.net,Christopherton,Mexico
3736,Chris Ponce,zgood@example.net,Osborneburgh,Chad
3737,Amy Lewis,hartjohn@example.com,New Mary,Tanzania
3738,James Hester,william59@example.com,South Derek,Suriname
3739,Stacey Bartlett,karendiaz@example.com,New James,Greenland
3740,Sara Hampton,rmoore@example.net,Perrymouth,Tajikistan
3741,Michael Shields,kristenwade@example.org,Walshtown,Myanmar
3742,Elizabeth Holt,knightchristina@example.net,Marcmouth,Paraguay
3743,Pamela Davis,coreymoreno@example.org,Patelfurt,Uzbekistan
3744,Joshua Wilson,derrickthomas@example.org,Christopherbury,Egypt
3745,Michael Martin,ellisonstephanie@example.net,Maryshire,Congo
3746,Jeffrey Skinner,perezhenry@example.net,Booneshire,Togo
3747,Nicole Ashley,portercheryl@example.com,South Aaronville,Barbados
3748,Sarah Lopez,rgarcia@example.net,New Rodney,Sao Tome and Principe
3749,Jamie Peck,zchase@example.org,Anitashire,Saint Martin
3750,Alison Andrews,nicolegalvan@example.net,Carlmouth,Azerbaijan
3751,Jill Bell,williamstyler@example.org,South James,Saint Vincent and the Grenadines
3752,Daniel Nguyen,bshannon@example.com,Johnchester,Swaziland
3753,Alicia Johnson,eprince@example.net,Jessicamouth,Morocco
3754,Gregory Adams,nicholas70@example.com,Lake Michelle,Bolivia
3755,Ashley Garcia,uavila@example.net,Danielleburgh,Albania
3756,Stefanie Diaz,denise99@example.org,New Dominique,Luxembourg
3757,Tamara Wagner,kendra18@example.com,Murrayhaven,Turkmenistan
3758,Allen Medina,vanessa87@example.net,Port Samantha,Georgia
3759,Steve Rivera,cookchad@example.com,East Jessica,Cambodia
3760,Margaret Scott,johnnysampson@example.net,South Traciberg,Cameroon
3761,Robert Huber,rachel34@example.com,Lake Christopherfurt,Guinea
3762,Joseph Barrera,marymurphy@example.org,East Davidbury,Afghanistan
3763,Kristen Luna,qlawrence@example.net,Williamburgh,Bosnia and Herzegovina
3764,Kimberly Jennings,trevor26@example.org,Millerborough,French Polynesia
3765,James Mckinney,scollins@example.net,Lake Andremouth,Austria
3766,William Rivera,kirkmartin@example.org,West Lindaborough,Colombia
3767,Christopher Logan,rmoore@example.net,Williamsview,Bulgaria
3768,Jacqueline Scott,acarter@example.com,New Anthonytown,Holy See (Vatican City State)
3769,Katie Allen,johnanderson@example.com,Port Sherrychester,Samoa
3770,Zachary Lee,aaronbryant@example.net,Pratttown,Rwanda
3771,Steven Delacruz,penny29@example.org,Port Mariohaven,Gabon
3772,April Green,bevans@example.org,Port Annaberg,Congo
3773,Jerry Dawson,gloriacooper@example.net,West Samuel,Vietnam
3774,Jasmine Chung,williamsaaron@example.net,North Meganhaven,Reunion
3775,Elizabeth Sosa,alexanderlee@example.net,Patrickport,Falkland Islands (Malvinas)
3776,Craig Ward,samueldecker@example.com,Joshuaport,Colombia
3777,Cynthia Jones,kimberlygreen@example.net,Lake Johnmouth,Bulgaria
3778,Lisa Russell,cookjimmy@example.com,Lake Lori,Gibraltar
3779,Mark Harris,ygray@example.com,East Seanview,Palau
3780,Joseph Houston,igamble@example.com,Chandlertown,Aruba
3781,Philip Smith,bradleymurphy@example.net,Katherinestad,New Zealand
3782,Christian Bishop,scottmendez@example.org,Kristinaberg,Kazakhstan
3783,Christopher Richardson,jeremycoffey@example.com,Laurafurt,Ireland
3784,Jeremy Ware,rodriguezheidi@example.org,West Crystal,Tanzania
3785,Patrick Villarreal,kylesimmons@example.com,Anthonyville,Jamaica
3786,Nathaniel Daniels,xshort@example.com,South Olivia,United States of America
3787,Thomas Johnson,zwilliams@example.com,Lake Kimberly,Papua New Guinea
3788,Rebecca Williams,jcombs@example.org,Stevenmouth,Sudan
3789,Michael Maddox,dcarson@example.org,East Julietown,Saint Pierre and Miquelon
3790,Gregory Brown,aaron95@example.net,West Philip,Turkmenistan
3791,Larry Delgado,rachelwilson@example.net,Port Cheryl,Pitcairn Islands
3792,Michael Bailey,lhicks@example.net,New Brandon,Cook Islands
3793,Kyle Ford,gilbertjennifer@example.com,Patriciaburgh,Tokelau
3794,Laura Williams,jessicasampson@example.net,Barbaraside,Burkina Faso
3795,Virginia Hughes,caguilar@example.net,Brittanymouth,Mali
3796,Joshua Mitchell,hmora@example.org,Collinschester,South Africa
3797,Anita Martinez,renee09@example.net,North Michael,Indonesia
3798,William Davis,muellermarco@example.com,Port Joshua,Czech Republic
3799,Angela Shaw,rebeccafoley@example.com,Josebury,Fiji
3800,Melinda Smith,walterjonathan@example.net,Schneiderburgh,Zambia
3801,Brian Burke,ginathomas@example.com,East April,Bahrain
3802,Stephanie Smith MD,murphyjoshua@example.com,Lake Grantport,Equatorial Guinea
3803,Stephanie Adkins,sgrant@example.net,New Amy,Portugal
3804,Andrew Villarreal,rachel64@example.com,Ianhaven,Central African Republic
3805,Christina Love,james12@example.net,Coryburgh,Guam
3806,Melinda Harrington,martinjillian@example.com,Finleybury,Serbia
3807,Jimmy Fitzpatrick,katelyn65@example.com,Greenborough,Turkmenistan
3808,Michael Fields,grant78@example.com,Ortizberg,Canada
3809,Kiara Meyer,janet07@example.com,East Sarah,Estonia
3810,Nicole Hughes,uburns@example.net,Rodriguezland,Italy
3811,Edward Gilbert,michael63@example.net,Lake Jonathan,Fiji
3812,Glen Bender,debra84@example.com,North Valerieside,Colombia
3813,Marisa Mccoy,svasquez@example.org,Port Joshua,Mali
3814,Gregory Clark,wenglish@example.com,Fowlerton,Cambodia
3815,Steven Tucker,hoganroger@example.net,North Brenda,Cote d'Ivoire
3816,Steven Cole,vgray@example.com,Skinnershire,Venezuela
3817,Joseph Grant,stevendudley@example.net,Suttonbury,Bhutan
3818,Stephanie Chavez,johnsonchristine@example.net,East Jesse,Congo
3819,Kristina Chapman,gwu@example.org,Lake Amber,Mayotte
3820,Luis Wilson,michaelvargas@example.net,Port Katelyn,Peru
3821,Brandon King,reedpaul@example.org,Lake Anthonyland,Mozambique
3822,David Davis,shannon57@example.org,Brianview,Philippines
3823,Sara Wagner,bsingh@example.org,Jimenezshire,Madagascar
3824,Raymond Holland,rparrish@example.com,North Robertfurt,Algeria
3825,Amy Kelly,jason43@example.com,Port James,Niue
3826,Lauren Hernandez,patriciabrown@example.org,South Bradleyton,El Salvador
3827,Christine Jones,lesliewood@example.org,Lake James,Solomon Islands
3828,Kristine Nguyen,batesjonathan@example.net,New Jeffreyshire,Saudi Arabia
3829,Danielle Espinoza,swilkins@example.org,Levyberg,Isle of Man
3830,Jennifer Stevenson,jeremyforbes@example.net,Port Samuelville,Hungary
3831,Jeffrey Martinez,ajackson@example.net,Jenniferborough,Niue
3832,Robert Short,smithchristian@example.org,Castromouth,Micronesia
3833,Abigail Butler,rivasmatthew@example.com,North Wanda,Mongolia
3834,Thomas Adkins,alexander54@example.net,Port Jamesberg,Malaysia
3835,Brian Fletcher,gilmorewendy@example.org,East Robertburgh,Rwanda
3836,Amy Keith,pdaniel@example.com,Marshallhaven,Afghanistan
3837,Ariel Harper,andersonrodney@example.net,North Chad,Singapore
3838,Collin Stewart,mcgeerobert@example.net,Susanmouth,Antarctica (the territory South of 60 deg S)
3839,Courtney Wheeler,whorn@example.net,North Paul,Iceland
3840,Donald Fischer,mario58@example.org,East Donna,Honduras
3841,Aaron Boyd,jacquelinemartin@example.net,Robinstad,Saint Martin
3842,Jennifer Adkins,eduncan@example.net,Ericborough,Nauru
3843,Jennifer Lloyd,jason47@example.org,Katieshire,Lebanon
3844,Christine Cruz DVM,guzmanjoseph@example.com,Andrewmouth,Switzerland
3845,Matthew Monroe,regina16@example.org,Port David,Romania
3846,Tiffany Huber,valerie19@example.net,West Diane,French Southern Territories
3847,Luis Moore,melvinyoung@example.net,New Josetown,Vanuatu
3848,Arthur Ramos,agiles@example.com,North Paulamouth,Netherlands Antilles
3849,Timothy Hill,zward@example.com,Harpermouth,Sierra Leone
3850,Caitlin Mccullough,rhonda96@example.org,Hunterburgh,United States Virgin Islands
3851,Shelley Henry,katiegeorge@example.org,East Joshuaport,Greece
3852,Mary Harris,ybrown@example.org,Lake Sarah,Iraq
3853,Tracy Oconnor,james96@example.net,South Sherriberg,Greece
3854,Kyle Ballard,douglasshepherd@example.com,Christinemouth,Togo
3855,Tamara Arnold,cory44@example.net,South Laurie,Norfolk Island
3856,Adam Chapman,elijahcox@example.org,New Bradleytown,Guadeloupe
3857,Brian Crawford,jessica59@example.org,Port Jimmyhaven,Equatorial Guinea
3858,Ann Hall,stephanie00@example.org,Lake Marialand,Guinea-Bissau
3859,Alexandra Byrd,carlrobbins@example.org,Nortonfurt,American Samoa
3860,Nathan Adams,katie52@example.org,Mcconnelltown,Guyana
3861,Jacob Adams,danielle35@example.net,Hahnborough,Saint Kitts and Nevis
3862,Heather Joseph,steelechristine@example.org,New Laura,Greece
3863,Michael Travis,levyanthony@example.net,North Daniel,Sri Lanka
3864,Jacqueline Cox,andrewpage@example.org,Maureenland,Canada
3865,Hannah Hart,heatherwashington@example.net,Michaelview,Congo
3866,John Keller,michaelwoods@example.org,Robertport,Seychelles
3867,Peter Flynn,dweber@example.com,Glennburgh,Tuvalu
3868,Rhonda Payne,smithbrian@example.org,Lake Cassandra,Algeria
3869,Russell Wyatt,griffithmatthew@example.net,Rogersmouth,United States of America
3870,Beth Harris,joshua26@example.net,New Alanview,Macao
3871,Katherine Thomas,huntermonica@example.net,Lake Benjamin,Saint Martin
3872,Edgar Kelley,stevenlara@example.org,Hudsonchester,Martinique
3873,Sara Carpenter,lauren93@example.com,Valerieland,Syrian Arab Republic
3874,Jeffrey Foster,bpeters@example.org,New Alexandertown,Suriname
3875,Brandon Fisher,ashley15@example.org,Sheilaborough,Guam
3876,Kristen Brown,longkayla@example.org,Port Adriennemouth,Monaco
3877,Marissa Rodriguez DDS,martindana@example.net,West Kayleeberg,Angola
3878,Megan Martin,williamwhite@example.org,Lake Carrie,Singapore
3879,Stephen Gamble,pamelathomas@example.com,Jenniferland,Netherlands
3880,Michael Roberts,lauragomez@example.net,South Sandraland,Guam
3881,Mark Arroyo,dfowler@example.org,Kevinburgh,Lebanon
3882,Aimee Marks,xhoward@example.com,Allisonmouth,Paraguay
3883,Dale Morrison,michael50@example.org,New Derrickhaven,Sri Lanka
3884,Samantha Arnold,tanya54@example.net,New Cheyenneview,Romania
3885,Andrea Gonzales,sespinoza@example.net,Lake Karla,British Virgin Islands
3886,Jeremy Thomas,susan47@example.org,Joneston,Niger
3887,Amber Martinez,rmills@example.net,South Andrew,Ukraine
3888,Regina Lawrence,dylansmith@example.net,Feliciabury,Mayotte
3889,Anthony Moon,hhayes@example.org,South Jasonbury,Jamaica
3890,Paul Mann,joy59@example.org,North Georgeview,Gabon
3891,Richard Velazquez,matthewkrause@example.com,Lake Patrick,Holy See (Vatican City State)
3892,Regina Swanson,james86@example.net,Lake Ryan,Fiji
3893,Jessica Clark,whitekristi@example.org,New Anna,Trinidad and Tobago
3894,Amy Garcia,hollywashington@example.org,Susanchester,Central African Republic
3895,James Walsh,johnsonkurt@example.org,East Tyler,Western Sahara
3896,Katherine Allen,karensingleton@example.com,Port Hannahville,Malta
3897,Jonathan Wright,uthomas@example.org,Jamesstad,Jersey
3898,David David,victorowens@example.org,South Rebecca,Tanzania
3899,Howard Robertson,brownkevin@example.net,Longview,South Africa
3900,Kathryn Rogers,virginia64@example.com,Brownbury,Ukraine
3901,Jennifer Kelly,stevenskatherine@example.org,Lake Josephland,Kiribati
3902,Rebecca James,marco81@example.org,Scotttown,Lebanon
3903,Mary Santana,bclark@example.com,West Alyssaside,Somalia
3904,Emily Chang,ariaslisa@example.net,New Lauren,Kenya
3905,Henry Rios,ielliott@example.org,South Tammyport,French Guiana
3906,Patrick Ellis,danieldarlene@example.com,North Anita,United States Minor Outlying Islands
3907,Haley Foley,latashamoore@example.net,West Codyfort,Congo
3908,Edward Jennings,payneelizabeth@example.org,Robertport,Portugal
3909,Heather Clark,jonathanhernandez@example.org,New Juantown,Armenia
3910,Lindsay Bradley,william38@example.net,Andrewshire,Bhutan
3911,Kristopher Adams,barbara35@example.org,West Ryanberg,Greece
3912,Robert Cantu,jillianzavala@example.com,Jonesport,Heard Island and McDonald Islands
3913,Karen Ramirez,kwilliams@example.net,Robertburgh,Trinidad and Tobago
3914,Lucas Austin,palmeramy@example.com,Carrollchester,Macao
3915,Daniel Pearson,colemanmark@example.com,Howardstad,French Guiana
3916,Christopher Abbott,jamesperry@example.net,Parkston,Madagascar
3917,Brian Smith,higginscarla@example.org,Rebeccaview,Israel
3918,Virginia Harris,brocha@example.com,Hicksshire,Liberia
3919,Michael Barr,gsnow@example.org,Port Katelyn,Fiji
3920,Brendan Mcdaniel,mullinsjacob@example.com,Port Michael,New Caledonia
3921,Lindsey Weiss,olsonrebecca@example.net,Lake James,Ireland
3922,Natalie Romero,usims@example.com,South Donald,Kenya
3923,Jack Hensley,johnsonerica@example.net,Cynthiamouth,Fiji
3924,Michael Vega,lewisalexander@example.com,East Andrea,Antarctica (the territory South of 60 deg S)
3925,Debra Wilson,emily62@example.org,Riveramouth,Christmas Island
3926,Jordan Lynn,hernandezalicia@example.net,Robinsonmouth,Turks and Caicos Islands
3927,Jessica Carter,matthew80@example.com,Thompsonfurt,Solomon Islands
3928,Anne Johnson,olopez@example.com,South Erictown,Marshall Islands
3929,Dorothy Freeman,garrettlori@example.net,Lake Elizabethstad,Togo
3930,Andrew Edwards,bryantcraig@example.org,Adamview,Equatorial Guinea
3931,Thomas Aguirre MD,zflores@example.org,Saraland,Slovakia (Slovak Republic)
3932,Michelle Pena DVM,amanda51@example.com,Lake Jack,Iraq
3933,Shirley Gonzalez,jennifer43@example.org,Hallberg,Vietnam
3934,Kathy Stephenson,hgonzalez@example.com,West Angela,Saint Kitts and Nevis
3935,Jeffrey Mcmillan,woodsdennis@example.com,Larryberg,Myanmar
3936,Scott Thomas,woodardrose@example.com,Salasberg,Nepal
3937,Mark Weiss,qherrera@example.com,Marybury,United Arab Emirates
3938,Bradley Lane,brockgabriella@example.net,North Juanburgh,Moldova
3939,Susan Welch,zreyes@example.com,West Edwintown,Algeria
3940,Michelle Parker,ehayes@example.org,Catherinetown,Japan
3941,Amy Cobb,nlivingston@example.net,Turnerland,Trinidad and Tobago
3942,Teresa Gallegos,robert24@example.org,East Natashaside,Chad
3943,Maria Brown,duane84@example.net,Millermouth,Switzerland
3944,Allison White,zmorgan@example.net,Port Laura,Suriname
3945,Stephanie Potter,fcardenas@example.com,Amybury,Libyan Arab Jamahiriya
3946,Jonathon Barnes,mark85@example.net,West Laurenview,Barbados
3947,Crystal Brennan,clarkmichael@example.net,South Destinymouth,Eritrea
3948,Angela Rodriguez,jennifer08@example.org,East Bryanchester,Venezuela
3949,Cassandra Maldonado,zachary38@example.com,New David,Chad
3950,Kevin Buckley,melissa79@example.com,Carpenterland,Uruguay
3951,Austin Weaver,joshuafoster@example.org,Lake Matthewport,Saint Pierre and Miquelon
3952,Samantha Santiago,wallwhitney@example.com,Sanfordshire,Bermuda
3953,Casey Williams,jasonowens@example.com,New Joshuaton,Nepal
3954,Thomas Quinn,xolson@example.com,Meredithborough,Comoros
3955,Jordan Patterson,robertsonmia@example.com,North Danielstad,India
3956,Sarah Dominguez,ycarr@example.net,North Ashleybury,Poland
3957,Mr. Brian Davenport,sherrymarsh@example.com,Port Victorfurt,Saudi Arabia
3958,Taylor Stephenson,anthonywilliams@example.org,West Jaclyn,Palestinian Territory
3959,William Fowler,emack@example.net,New Zachary,Congo
3960,Brittany Robbins,raymond88@example.com,West Joshua,Togo
3961,Rhonda Murphy,tracy79@example.com,Ellisonfort,Yemen
3962,Johnny Parks,andrewroberts@example.com,Lake Kimberlyville,Gambia
3963,Troy Day,smithmarcus@example.net,Amyshire,British Virgin Islands
3964,Alan Morris,michelle63@example.com,North Jenniferville,New Zealand
3965,Reginald Walter,tnelson@example.org,Jessicaville,Costa Rica
3966,Jesse Anderson,jeanettebriggs@example.org,Pittsshire,Algeria
3967,Pamela Sullivan,laurajenkins@example.com,Lake Thomashaven,Somalia
3968,Dan Smith,edwardpowell@example.org,South Staceyside,Bouvet Island (Bouvetoya)
3969,Richard Scott,ashleydunn@example.com,Erinton,Grenada
3970,Anthony Hughes,julieevans@example.org,Millertown,Montenegro
3971,Amanda Clark,rogersholly@example.org,Carlytown,Wallis and Futuna
3972,Tracy Woods,joannrivera@example.net,North Keithbury,Mauritius
3973,Renee Wallace,blopez@example.org,South Cindy,Guinea
3974,Mrs. Lauren Mann,kharris@example.org,West William,Bosnia and Herzegovina
3975,Anthony Boone,marisa18@example.com,East Kimberlyton,New Caledonia
3976,Jill Duran,sfleming@example.net,West Kimberly,South Africa
3977,Sarah Walters,adam20@example.net,Josephburgh,Sri Lanka
3978,Diane Hernandez,kari77@example.com,Judyport,Malawi
3979,Nicholas James,phillipsvanessa@example.com,Smithton,Dominica
3980,Keith Burgess,scottjeffrey@example.com,Aguilarfort,Saint Martin
3981,Nicole Lutz,welchbridget@example.com,North Anneview,Trinidad and Tobago
3982,Trevor Sims,chad45@example.com,South Joanneport,Turkmenistan
3983,Paul Lewis,achristensen@example.org,Lake Ryanport,Morocco
3984,Kyle Mueller,cbailey@example.org,West Connor,South Georgia and the South Sandwich Islands
3985,Renee Ewing,boonepamela@example.com,Brooksbury,Guadeloupe
3986,William Nguyen,gparker@example.org,Lake David,Iran
3987,Vincent Holland,davidvictoria@example.com,Mcculloughchester,Samoa
3988,Frederick Velazquez,isaacburke@example.org,Emilyberg,Luxembourg
3989,Colin Woods,tammywilliams@example.com,Timothytown,Congo
3990,Teresa Leonard,elizabethmitchell@example.com,Stevenberg,Cocos (Keeling) Islands
3991,Victor Li,shannonedwards@example.org,South Ronald,South Africa
3992,George Flores,nelsonadrienne@example.com,Port Jimmy,Macao
3993,Karen Salas,ashleygonzalez@example.com,West Priscilla,Pitcairn Islands
3994,Madeline Hale,kaitlyn64@example.com,Tranchester,Netherlands Antilles
3995,Jessica Garcia,christopher51@example.com,North Nathanberg,Hungary
3996,Virginia Cabrera,sawyermichelle@example.com,Colinchester,Timor-Leste
3997,Ann Hurley,xdawson@example.org,Knightchester,Singapore
3998,Mr. Matthew Clark MD,jennifer57@example.com,Lake Maryview,Tonga
3999,Gina Andrews,krivas@example.com,East Jonathanmouth,Malta
4000,Dean Carroll,juliebrooks@example.com,West Williamport,Hungary
4001,Matthew Hines,nyoung@example.org,South Dustin,Latvia
4002,Sarah Johnson,lmiller@example.net,Amandaland,Ethiopia
4003,Matthew Jackson,morgannicole@example.org,Dawnfort,Brazil
4004,Jason Mathews,brendasullivan@example.org,Monicamouth,Sao Tome and Principe
4005,Angela Brown,dennis61@example.com,South Markchester,Antarctica (the territory South of 60 deg S)
4006,Aaron Gutierrez,wcarter@example.com,East Alexander,Ireland
4007,Emily Ruiz,dmcknight@example.net,Williamsbury,Ethiopia
4008,Brittany Jones,jonesjessica@example.com,South Cindy,Tokelau
4009,Sarah Hayes,mark73@example.com,Stoutshire,Antarctica (the territory South of 60 deg S)
4010,Colin Campbell,russellstephen@example.org,Port Monica,Portugal
4011,Kenneth Carter,hayleybauer@example.org,South Jamesport,Mali
4012,Bonnie Gay,grace65@example.org,Lyonsborough,Papua New Guinea
4013,Megan White,webbashley@example.net,Matthewshire,Kenya
4014,Erica Lewis,andersonsheri@example.org,Pittmanmouth,Mauritania
4015,Andrew Hernandez,ssmith@example.org,South Deanna,Greece
4016,Jacqueline Carr,anna72@example.net,East Dawnland,Croatia
4017,Lucas Le,carolyn03@example.org,Hayestown,Guinea-Bissau
4018,Joseph Rios,tcarlson@example.com,Websterberg,South Africa
4019,Christopher Stevens,curtismarshall@example.net,Kristentown,Romania
4020,David Collins,elizabeth18@example.org,Carrietown,Syrian Arab Republic
4021,Bryan Miller,rmarshall@example.org,Millerside,Cambodia
4022,Lori Mccall,gilbertwelch@example.net,Joelmouth,India
4023,Brett Bailey,timothyalvarez@example.com,East Jonathan,Cyprus
4024,Kristin Rosales,richardvance@example.com,Lake Tammy,Malaysia
4025,Danielle Torres,seanlewis@example.org,Barrettfurt,Oman
4026,Guy Lopez,elizabethcobb@example.org,Port Rebeccafurt,Saint Lucia
4027,James Weaver,aprilbarton@example.org,Phillipshire,Tuvalu
4028,Sean Williams,michael90@example.net,Timothyville,Liberia
4029,Benjamin King,kathleenross@example.org,Johnhaven,Senegal
4030,Brandy Lewis,mikeanderson@example.org,South Gregory,Denmark
4031,David Burns,wwells@example.org,West Lorrainemouth,Serbia
4032,Kevin Keller,lisabarnett@example.net,Andrademouth,Mali
4033,Tammy Bell,ibenitez@example.com,Alexanderside,Saint Vincent and the Grenadines
4034,Anthony Wright,daniel50@example.net,Kimhaven,Belarus
4035,Sarah West,bwilson@example.net,Robinsonside,Montenegro
4036,Barbara Ramos,gravestimothy@example.org,Johnport,Barbados
4037,Samantha Hall,valentinerebecca@example.com,Sawyermouth,Antarctica (the territory South of 60 deg S)
4038,Frank Wang,iwilliams@example.org,Davisfort,Saint Vincent and the Grenadines
4039,Laura White,russell31@example.com,Lake Michaelhaven,Nigeria
4040,Jacob Martinez,james50@example.com,Deannaville,Kyrgyz Republic
4041,Sandra Lopez,hcalderon@example.org,Pinedaville,New Caledonia
4042,Mark Rowland,rruiz@example.org,Allisonhaven,Heard Island and McDonald Islands
4043,Dr. Maria Wilson,colleencompton@example.com,Davisshire,Morocco
4044,Anthony Galloway,nicole66@example.net,Luisbury,Nicaragua
4045,Carl Drake,allencaitlyn@example.net,Gonzalezbury,Azerbaijan
4046,Susan Joyce,hwood@example.net,South Mike,Jersey
4047,Sarah Nelson,mark87@example.net,Jacobhaven,Hong Kong
4048,Natalie Marshall,edward06@example.com,New Thomasstad,Japan
4049,Amanda Olson,gpierce@example.net,West Maryland,Gibraltar
4050,Jason Smith,averypatricia@example.com,Eduardoshire,Antarctica (the territory South of 60 deg S)
4051,Nicholas West,mnelson@example.com,Bushtown,Solomon Islands
4052,Paul Smith,markwashington@example.org,Benjaminchester,Fiji
4053,Jerome Coleman,perrypatrick@example.org,East Whitney,Guernsey
4054,Isaiah Houston,caseyjennifer@example.com,Port Chad,Antigua and Barbuda
4055,Todd Hood,harryfarley@example.net,Williamsfurt,Micronesia
4056,Brittany Russell,qcohen@example.org,East Eric,Netherlands
4057,David Jackson,jamessaunders@example.com,Mccoyshire,Portugal
4058,Ricky Reid,nelsonamy@example.net,Josephhaven,Italy
4059,Kelsey Randall,erikajackson@example.com,Robertborough,Tuvalu
4060,Nicholas Clayton,fbrewer@example.org,West Rebecca,Afghanistan
4061,Juan Hart,thomasrandolph@example.net,Sandersbury,Greece
4062,Joel Holder,halljoseph@example.net,Darrellfort,American Samoa
4063,Benjamin Stevenson,caseytonya@example.net,Cesarfurt,Tanzania
4064,Margaret Garcia,charles92@example.com,West Jenniferton,Nepal
4065,Andrea Brewer,kerrybrown@example.org,West Tylerview,Georgia
4066,Michelle Gonzalez,cassandra04@example.com,Hartmanmouth,Hong Kong
4067,Stephanie Giles,danny43@example.net,Hendersonstad,Dominican Republic
4068,Patricia Peck,kkoch@example.net,Michaelton,Bahrain
4069,Blake Campbell,sharibecker@example.org,Port Kelly,Solomon Islands
4070,Carl Williams,floresshelby@example.com,Port Deanna,Croatia
4071,Raymond Pearson,watkinswilliam@example.com,East Anthonyhaven,Korea
4072,Dennis Russo,bondmarcus@example.org,East Feliciaberg,Honduras
4073,Rebecca Buck DVM,seanmartinez@example.org,Meyermouth,Costa Rica
4074,John Smith,matthewmack@example.net,Gonzalezland,Central African Republic
4075,Richard Daniels,walkerkatie@example.com,Huntport,Poland
4076,Theresa Thompson,michael78@example.net,Barberchester,Guatemala
4077,Cheyenne Rojas,banksmatthew@example.net,Andrewview,Slovakia (Slovak Republic)
4078,Reginald Bowman,roger17@example.com,West Joshua,Guadeloupe
4079,Michelle Doyle,schaeferchristopher@example.net,New Meghan,Chile
4080,Laura Burke,ejohnson@example.com,Mooreberg,Peru
4081,Lisa Smith,dominique74@example.org,East Joshua,Liechtenstein
4082,Jennifer Armstrong,brianmaddox@example.org,Williamsside,Syrian Arab Republic
4083,Barbara Brown,vernon64@example.org,Wilsonstad,Nicaragua
4084,Rebecca Jones,tjones@example.com,South Jessicatown,Thailand
4085,David Smith,bowmanjill@example.com,Goodside,Holy See (Vatican City State)
4086,John Cole,gallowayjennifer@example.com,Lake Johnmouth,Kiribati
4087,Heidi Morgan,bethweaver@example.net,Port Tammy,Netherlands Antilles
4088,Charles Schneider,stevenmcknight@example.org,Ashleyton,Sudan
4089,Andrew Garcia,uaguilar@example.com,Hillview,Uzbekistan
4090,Frederick Webster,phillipstina@example.net,Lake Lindafurt,Sweden
4091,Deborah Gutierrez,matthewschristy@example.org,Campbellfort,Philippines
4092,Renee Bullock,cody96@example.net,North Lorifort,Nicaragua
4093,Scott Russell,nelsonemily@example.com,East Carolynmouth,Canada
4094,Jessica Gonzalez,josephdecker@example.com,Port Christopher,Tanzania
4095,Heidi Pierce,swansonsierra@example.com,New Dawnbury,Canada
4096,Sabrina Harris,sgeorge@example.com,Martinhaven,Saudi Arabia
4097,Tiffany Wallace,kimberly73@example.com,South Caleb,Mauritania
4098,William Young,gross@example.org,Port Jared,Japan
4099,Cynthia Anderson,alexislee@example.org,Stricklandchester,Congo
4100,Shannon Hunter,ramirezchristina@example.net,North Nicolas,Martinique
4101,Jackie Burgess,robersonpeggy@example.org,Hooperside,Tunisia
4102,Thomas Smith,leonardmartinez@example.net,West Jonathanfurt,Norfolk Island
4103,Alfred Cameron,courtney19@example.com,South Gregoryview,Guernsey
4104,Jeremiah Duffy,shawjeffery@example.org,New Kathrynbury,Heard Island and McDonald Islands
4105,Logan Zimmerman,beckerrobert@example.org,Port Kyletown,Maldives
4106,Billy Wise,hlewis@example.net,Millsside,Portugal
4107,Nichole Curry,lzimmerman@example.org,Michelleport,Bhutan
4108,Claudia Adams,alex31@example.net,Marvinburgh,Heard Island and McDonald Islands
4109,Cody Durham,agarcia@example.com,Harrisside,Qatar
4110,Tracey Robertson,geoffreyneal@example.net,New Paulport,Mayotte
4111,Daniel Ross,amanda01@example.org,Waltersmouth,Germany
4112,Laura White,zcameron@example.net,Samanthaburgh,Czech Republic
4113,Anthony Cole,vcarrillo@example.com,Brockborough,Mauritania
4114,Sara Francis,jeffrey54@example.org,Farrellmouth,Bouvet Island (Bouvetoya)
4115,Daniel Andrade,edixon@example.org,South Kyle,Kiribati
4116,Dylan Johnson,zroberts@example.net,Jennifermouth,Vietnam
4117,Larry Todd,michelle02@example.net,New Sherrystad,Saint Pierre and Miquelon
4118,Nancy Davis,richard73@example.net,New Anthony,Iraq
4119,Mr. Jerry Martin,mwilliams@example.com,Lake Davidhaven,Guinea-Bissau
4120,Ashley Miller,elopez@example.com,Ronaldbury,Dominican Republic
4121,Kristine Gomez,idavis@example.com,Port Lauren,Chad
4122,Stephanie Marquez,hannah44@example.net,Willishaven,Tokelau
4123,Charles Mendoza DVM,chris87@example.com,South Jonathanstad,Italy
4124,Ashley Cunningham,vquinn@example.org,South Donald,Slovakia (Slovak Republic)
4125,Leslie Dixon,tpalmer@example.com,North Eric,Netherlands Antilles
4126,Stephanie Reyes,bennettronald@example.com,Middletonmouth,Trinidad and Tobago
4127,Carol Reynolds,hpratt@example.org,East Charles,Israel
4128,Alex Green,jaywhite@example.org,Lorimouth,Singapore
4129,Sarah Gibson,jim24@example.net,South Theresa,Russian Federation
4130,Jonathan Bradford,shirley25@example.net,Alvarezberg,Egypt
4131,Cassandra Baker,ecaldwell@example.net,Cindychester,Serbia
4132,Cody Garner,lucasvaughn@example.net,Lake Dominic,Turks and Caicos Islands
4133,Laurie Hartman,sandra68@example.org,Franklinbury,Hungary
4134,Matthew Allen,chris67@example.net,West Jennifer,Micronesia
4135,Christopher Coffey,wmckay@example.com,East Robert,France
4136,Monica Bell,ianlawrence@example.org,Jenkinsville,Reunion
4137,Rebecca Pearson,brooksjill@example.org,North Darius,Bhutan
4138,Heidi Arias,jodi60@example.net,South Jamie,Dominican Republic
4139,Brendan Nunez,morganstevenson@example.com,West Cynthiabury,Mozambique
4140,Edward Hampton,cookmelanie@example.net,South Sarah,Oman
4141,Brett Mccarty,ryanfarrell@example.com,Lake Nicoleborough,China
4142,Jordan Petty,stevenhopkins@example.com,Heatherfurt,Belarus
4143,Crystal Duncan,watsonbenjamin@example.org,Monicaburgh,Nicaragua
4144,Joseph Hopkins,castanedalinda@example.com,Gregoryville,Saint Pierre and Miquelon
4145,Bryan Silva,melodycalhoun@example.org,Wolfestad,Montserrat
4146,Kevin Matthews,richard12@example.org,South Kimberly,Latvia
4147,Daryl Christensen,hmorrison@example.net,Chadton,Mozambique
4148,Tyler Jenkins,msmith@example.net,North Martha,Norway
4149,Elizabeth Day,terrycline@example.org,West Anabury,Comoros
4150,Kevin Mendez,jjacobs@example.com,Ryanland,Turkmenistan
4151,Jacqueline Smith,james78@example.net,Andreaport,Congo
4152,James Ruiz,charlespayne@example.org,Beltranberg,Finland
4153,Joshua Johnston,sarahbryant@example.com,Deborahchester,Samoa
4154,Ashley Benitez,tashaharris@example.org,Tracyshire,Vietnam
4155,Cory Hubbard,johnstontimothy@example.com,Millermouth,Svalbard & Jan Mayen Islands
4156,Mr. James Fitzgerald,christopher74@example.net,Lake Laurenmouth,Cote d'Ivoire
4157,William Gay,pwong@example.net,Lake Craigshire,Netherlands Antilles
4158,Lynn Mendoza,angela41@example.org,Simmonsport,Sao Tome and Principe
4159,Jessica Bradford,caitlin59@example.com,Joelborough,Botswana
4160,Robert Miller,jacobstevens@example.org,Bishopburgh,Christmas Island
4161,John Pittman,beardashley@example.org,Morrisfort,Sweden
4162,Wendy Rivera,cummingsfrancisco@example.com,Smithton,Germany
4163,Felicia Park,fcook@example.com,Martinezborough,Saint Kitts and Nevis
4164,Jason Garza,gmelton@example.com,New Justin,Norway
4165,Mary Schmidt,vwilson@example.net,New Sara,Hungary
4166,Matthew Brown,cwright@example.net,Lake Adamburgh,Sweden
4167,Melissa Peterson,hernandezsean@example.com,North Edward,Azerbaijan
4168,Joseph James,michaelbuck@example.org,Bakerland,Belize
4169,Theresa Lee,peterruiz@example.com,Sandersborough,Svalbard & Jan Mayen Islands
4170,Janet Mills,monica71@example.org,Davisview,Latvia
4171,Christopher Garcia,brandy74@example.com,Port Donaldmouth,Bahrain
4172,Scott Sanchez,raymond49@example.net,Philipville,Netherlands
4173,Amy Garner,jean27@example.net,East Kimberly,Ghana
4174,Vincent Cowan,austintina@example.org,Ashleyborough,Brazil
4175,Richard Lambert,nathan38@example.net,Petersontown,San Marino
4176,John Brooks,colleencross@example.org,Brendatown,Grenada
4177,Andrew Burch,bgonzales@example.com,North Kim,Ghana
4178,Mary Mckay MD,staceymedina@example.org,Wallview,San Marino
4179,Pamela Fuller,rjoseph@example.org,Sarafurt,Jordan
4180,Sandra Moore,fgoodwin@example.net,Cainberg,Equatorial Guinea
4181,Stephanie Duran,roger00@example.org,Wigginschester,Panama
4182,Kim Foster,danieljohnson@example.com,Justinberg,Macao
4183,Courtney Boyd,rcooper@example.org,West Austinshire,France
4184,Tamara Wilson,kpowell@example.org,North Julia,Ireland
4185,Kristin King,uwilliams@example.net,Randyhaven,Venezuela
4186,Christine Guerrero,nschaefer@example.net,West Barbara,El Salvador
4187,Miss Bethany Soto DDS,danielberger@example.com,New Larryland,Antarctica (the territory South of 60 deg S)
4188,Kathryn Nichols,kglass@example.org,Kennethport,Oman
4189,Melissa Caldwell,aguirresean@example.net,New Colleenland,Saint Martin
4190,Angela Russell,nicholas45@example.net,South Anitahaven,Korea
4191,Chad Obrien,morenolisa@example.net,New Mark,Togo
4192,Joseph Morris,derekhiggins@example.org,New Kathryn,Bolivia
4193,David Dean,eclark@example.org,New Johnton,Maldives
4194,Lisa Hale,anneholmes@example.org,South Johnshire,Denmark
4195,Leonard Montgomery,mrodriguez@example.com,Clarkhaven,Malaysia
4196,Jason Martinez,rogersevan@example.net,Anthonyport,Mayotte
4197,Courtney Barnes,zstafford@example.org,New Jessicaburgh,Denmark
4198,Edward Chavez,robertcannon@example.com,Lake Gary,Dominica
4199,Ryan Webb,mpatterson@example.com,Garciaview,Hong Kong
4200,Jerry Peters,gregory43@example.com,West Steven,Holy See (Vatican City State)
4201,Matthew Freeman,jmccoy@example.org,Markberg,Guam
4202,Brian Wilson,andrewmoore@example.net,Port Michaelhaven,Seychelles
4203,April Snyder,owaller@example.org,Lunamouth,Guinea
4204,Amanda Pena,harperlisa@example.org,North Christianmouth,Wallis and Futuna
4205,Joseph Ruiz,dandrews@example.org,Lake Jontown,Haiti
4206,John Garrison,cgutierrez@example.net,West Douglas,Suriname
4207,Ronald Frazier,boydwillie@example.com,Caseyfurt,Tuvalu
4208,Roger Wiggins,davidmendoza@example.net,Rochaberg,Botswana
4209,Jonathan White,juliaedwards@example.org,West Pamela,Faroe Islands
4210,Elizabeth Nielsen,antoniomay@example.com,North Kennethfort,Montenegro
4211,Jonathan Williams,laurie87@example.net,Estesborough,Wallis and Futuna
4212,Jessica Franco,felicia81@example.com,Austinmouth,Cocos (Keeling) Islands
4213,Jonathan Stone,margaretvaughn@example.com,South Karenchester,Canada
4214,Robert Fuentes,kim66@example.org,Daniellemouth,Gambia
4215,Jonathan Warren,shelby76@example.com,Nelsonland,Malaysia
4216,Adam Lee,jennifer81@example.com,Port Angelabury,Anguilla
4217,Bryan Gibson,elliskristi@example.com,Keithport,Timor-Leste
4218,Kristopher Powell,ewoods@example.net,Andreamouth,Oman
4219,Brandy Holmes,lisaali@example.com,Lake Veronicaville,Gambia
4220,Kyle Adams,ngilbert@example.net,New Ethan,Germany
4221,Jeffrey Garcia,taylorjennifer@example.org,South Teresa,Nepal
4222,Meredith Cummings,uphelps@example.com,Scottberg,Yemen
4223,William Thompson,maryjones@example.com,Nolanhaven,Panama
4224,Jessica Hale,hflores@example.net,North Paulaburgh,Wallis and Futuna
4225,Rodney Skinner,plee@example.org,Mahoneyland,Saint Martin
4226,Barbara Strickland,jonesamanda@example.com,Longtown,Kazakhstan
4227,Emily Baker,hancockmichael@example.org,North Elijah,Jamaica
4228,Laura Shaw,njackson@example.com,West Angel,Niue
4229,William Ferguson MD,ronald15@example.org,Kelseyton,Angola
4230,Stanley Barton,jameslloyd@example.org,North Danielton,Spain
4231,Brittany Gonzales,timothy77@example.com,Brownstad,Romania
4232,Denise Garcia,llewis@example.com,East Brandonside,South Georgia and the South Sandwich Islands
4233,Carlos Graham,lewisjustin@example.net,Sandraberg,Cape Verde
4234,Gregory Oneal PhD,michelle11@example.net,Laurenport,Bouvet Island (Bouvetoya)
4235,Ryan Davis,donaldlambert@example.org,Robertstad,Jordan
4236,Joann Bishop,colin32@example.net,West Carriehaven,Wallis and Futuna
4237,Karen Schneider,proctorjohnathan@example.com,North Kristentown,Montserrat
4238,David Stewart,andersonmelissa@example.com,North Leslie,Saint Pierre and Miquelon
4239,Joshua Andrade,richard85@example.org,East Cheryl,Svalbard & Jan Mayen Islands
4240,Damon Williams,kevinhunt@example.org,West Jason,Armenia
4241,Maria Elliott,allisonpaul@example.net,East Nicole,Paraguay
4242,Keith Alvarez,david24@example.net,South Michaelport,Chad
4243,Erika Dixon,laurie03@example.org,Charlotteville,Bahrain
4244,John Johnson,jorgeali@example.com,South Donnashire,Netherlands Antilles
4245,Frederick Hernandez,hodgerobert@example.com,North Kristen,Fiji
4246,Hannah Brown,dashley@example.com,Danielbury,Poland
4247,Aaron Tanner,mcclainbridget@example.net,Davisstad,Liberia
4248,Heather Bray,hughesjohn@example.net,New Tonyfurt,Italy
4249,Amanda Schneider,sarahwiley@example.org,Port Sharonmouth,Japan
4250,Patricia Bush,rthompson@example.com,Sarahport,Sao Tome and Principe
4251,Kellie Harper,mark25@example.org,Thompsonberg,United States Minor Outlying Islands
4252,Peter Mitchell,woodwardmichelle@example.org,Wilsonfort,Kazakhstan
4253,Justin Andrade,iking@example.com,Smithstad,Qatar
4254,Chase Simon,davidfisher@example.net,South Lesliefort,China
4255,Heather Wise,wayne77@example.net,East Seanshire,Mauritania
4256,Patrick Malone,mendezdanielle@example.net,North Cody,Morocco
4257,Anna Miller,millerterry@example.com,South Matthew,Sri Lanka
4258,John Spence,michael43@example.org,Stephenberg,Dominica
4259,Melissa Thompson,martin24@example.org,Caldwellshire,Bolivia
4260,Amanda Cameron,tonyyoung@example.com,Lake Richard,Vanuatu
4261,Hannah Larsen,kwolf@example.com,West Dennisland,Peru
4262,Joseph Graves,martinezspencer@example.net,Port William,Tajikistan
4263,Nicholas Cox,jennifersanchez@example.org,Allisonshire,Lithuania
4264,Ryan Clark,hhurst@example.net,Jamesfort,Cyprus
4265,Leah Vasquez,haley15@example.org,West Joshua,Falkland Islands (Malvinas)
4266,Stephanie Chan,danagibson@example.org,Jonathantown,Kiribati
4267,Jennifer Miles,jessicajones@example.com,Lake Dean,Netherlands Antilles
4268,Michael Patterson,juanpreston@example.org,Cookshire,Bolivia
4269,David Becker,john01@example.net,Port Joseph,Malawi
4270,Theodore Rangel,ofarrell@example.net,Dennisburgh,Spain
4271,Thomas Shea,richardmeyer@example.org,Vanessaland,Seychelles
4272,Samuel Thompson,daniel84@example.net,Moralesshire,Gabon
4273,Patricia Nelson,henryjoseph@example.com,West Micheleland,Hong Kong
4274,Belinda Medina PhD,hunterbailey@example.com,Rodriguezport,Kazakhstan
4275,Troy Higgins,edwardyoung@example.org,Carterburgh,Iceland
4276,Brandon Hernandez,dianegreen@example.com,New Donaldhaven,Tunisia
4277,Holly Summers,mthompson@example.com,Bradfordburgh,Turks and Caicos Islands
4278,Timothy Patton,suzannecardenas@example.com,Lisafurt,Cook Islands
4279,James Tucker,wilsondaniel@example.org,East Debrashire,Bangladesh
4280,Joel Dennis,schneiderjeff@example.com,Michaelview,Switzerland
4281,Adam Aguilar,danny56@example.com,New Ryanport,Poland
4282,Brandon Jones,lonnieorozco@example.com,Lake Jennifershire,Albania
4283,Deanna Gay,smithdavid@example.org,West Ryan,Kenya
4284,Holly Gallagher,heidi24@example.org,Parrishstad,Cote d'Ivoire
4285,Amy Russell,murraygail@example.com,New Travismouth,Kazakhstan
4286,Glenn Fox,bwhitney@example.net,Kennethview,Guernsey
4287,Shelby Salazar,cdaugherty@example.com,West Geraldmouth,Cape Verde
4288,Hannah Soto,albert82@example.org,Simpsonfurt,Turkey
4289,Sandy Brooks,warrenjoshua@example.com,Thomasstad,Switzerland
4290,Robert Jones,salvarado@example.org,Jenniferfort,American Samoa
4291,Amy Wells,rgarcia@example.net,Angelaborough,Equatorial Guinea
4292,Kari Stone,bowerslarry@example.net,North Emily,Saint Pierre and Miquelon
4293,Ann Powers,michaelroberts@example.org,New Crystalfort,Netherlands
4294,Natalie Bowen,efarley@example.org,Michaelshire,Russian Federation
4295,Kristy Flores,elizabethguerra@example.com,Johnsontown,Dominica
4296,Patricia Eaton,tdoyle@example.com,New Heather,Malaysia
4297,Brian Rodriguez,omartinez@example.net,Teresaborough,Iran
4298,Stephen Green,gary77@example.net,North Alyssaborough,Albania
4299,Matthew Peterson DDS,herrerarandy@example.com,Davidland,Poland
4300,Katherine Kemp,martinezdonna@example.com,East Gabrielton,Comoros
4301,Meredith Williamson,kaitlyn21@example.org,Lake Debraburgh,New Caledonia
4302,Kylie Clark,xevans@example.com,East Anthonyland,Montserrat
4303,Nancy Stephenson,wendyadams@example.org,East John,Iraq
4304,Angela Olson,clewis@example.org,Hebertberg,Iran
4305,Michael Chapman,bbrowning@example.com,North Rebecca,Cape Verde
4306,James Roberts,delacruzcarolyn@example.net,Amyburgh,United States Virgin Islands
4307,Gabriel Jones,copelandmonique@example.net,Morganburgh,Central African Republic
4308,Mike White DDS,kgoodman@example.net,Collinstown,New Caledonia
4309,Courtney Lam,thomasespinoza@example.org,North Matthewview,Saudi Arabia
4310,Barbara Fisher,stevengrant@example.net,South Elizabeth,Lao People's Democratic Republic
4311,Elizabeth Holmes,markmiller@example.net,Port Georgeville,Saint Barthelemy
4312,Renee Walsh,fturner@example.org,Lake Charlesstad,Bermuda
4313,Richard Nguyen,igolden@example.com,North Sue,Ethiopia
4314,Darlene Kim,sdavis@example.com,Port Erikamouth,Belgium
4315,Tracy Moore,michaelrichards@example.org,Dannystad,Kiribati
4316,Nicole Richards,aanderson@example.com,Aliceport,Heard Island and McDonald Islands
4317,Nicole Chan,twilson@example.net,Jacksonville,Russian Federation
4318,Mrs. Betty Garcia,timothyfowler@example.net,Dwayneborough,Panama
4319,Daniel Shaffer,melissa78@example.org,North Brandy,Jordan
4320,Thomas Stewart,kterry@example.com,Watsonbury,Estonia
4321,Meredith Barnes,amy24@example.net,Bennettberg,Sierra Leone
4322,Matthew Douglas,price@example.org,Wilsonhaven,El Salvador
4323,Sean Hart,jennifer35@example.com,Millerland,Sweden
4324,Anna Chambers,castilloderek@example.com,Sarahstad,Netherlands Antilles
4325,Albert Juarez,jacob68@example.com,Port Jacob,Switzerland
4326,Gary Neal,lrandall@example.org,Alvaradomouth,South Africa
4327,Stephen Rodriguez,brandonjohnson@example.org,Smithshire,United States of America
4328,Travis Jones,snyderjasmine@example.org,New Jacquelineland,Czech Republic
4329,Adam Gibson,victoriakeller@example.org,Lake Russellport,Bosnia and Herzegovina
4330,Anna Hansen,lisa02@example.net,Sanchezstad,South Georgia and the South Sandwich Islands
4331,Alex Turner,ashleyhernandez@example.org,North Ellen,Hungary
4332,Jonathan Casey,leonardanthony@example.org,West Kayla,Slovakia (Slovak Republic)
4333,William Fisher,danielhaney@example.com,Leeland,Sri Lanka
4334,Curtis Woods,burgessdanielle@example.net,North Danielmouth,Uzbekistan
4335,Michael Hall,diane33@example.com,Lake Chelseaside,Kuwait
4336,Michelle Wilson,michelle66@example.net,Alanville,Micronesia
4337,Mathew Brown,maria83@example.com,Jennystad,Greenland
4338,Dr. Evan Murphy,rachael14@example.org,Thomasside,Egypt
4339,James Flores,sara27@example.org,Whiteland,Luxembourg
4340,Christopher Hernandez,jamesbaldwin@example.net,Wallaceview,South Georgia and the South Sandwich Islands
4341,Andrew Boyd,davenporthenry@example.org,Brownberg,Tokelau
4342,Regina Pierce,tyronesaunders@example.org,East Daniel,Greece
4343,Michael Harris DDS,andreabrown@example.com,Clarktown,Gambia
4344,Joy Fritz,julie73@example.com,East Nicholas,Morocco
4345,Maria Rose,amosley@example.net,Smithton,Falkland Islands (Malvinas)
4346,Dr. Sydney Sanchez,megan66@example.org,North Christopher,Gibraltar
4347,Todd Johnson,robertmorris@example.com,Walterhaven,Tanzania
4348,Dawn Owens,jefferyhunt@example.org,South Alyssa,Egypt
4349,Andrew Johnson,gwendolyn47@example.net,New Josephberg,Palestinian Territory
4350,Michelle Oneill,xbooker@example.org,Dennistown,Uruguay
4351,Emily Christensen,rossdiane@example.com,Johnview,Portugal
4352,Nicholas Frazier,gordoncassandra@example.com,Fisherland,Saint Helena
4353,Brian Castillo,barbara54@example.org,East Kelly,Latvia
4354,Mary Nelson,nguyenryan@example.net,North Tina,Suriname
4355,Jessica Jordan,tammykhan@example.com,South Shelley,El Salvador
4356,Scott Bowers,lwhite@example.com,New Robertton,French Polynesia
4357,Keith Hansen,abeltran@example.com,East Edward,Jamaica
4358,John Brown,berryroberto@example.net,Floresmouth,Bahamas
4359,Mrs. Connie Horne,jruiz@example.org,East Shaunfort,Paraguay
4360,Samuel Sullivan,scottcoleman@example.net,Simmonsberg,Cape Verde
4361,Michael Stewart,david97@example.com,New Sarah,Central African Republic
4362,Connor Burton,chase30@example.net,North Isaiah,Croatia
4363,Sharon Owens,barbara75@example.com,Kristinatown,Kyrgyz Republic
4364,Marcus Ramirez,brownbryan@example.net,West Meganland,Cape Verde
4365,William Cole,lopezpatricia@example.net,Garciaborough,Holy See (Vatican City State)
4366,Joshua Harris,gvalenzuela@example.org,Melissatown,Egypt
4367,Kelsey Smith,erika57@example.net,Bethmouth,Gibraltar
4368,Jessica Robinson,leerika@example.net,East Ericburgh,Reunion
4369,Elizabeth Townsend,sawyerjared@example.com,Chelseamouth,French Polynesia
4370,April Mclaughlin,jasminporter@example.com,South Daniel,Kazakhstan
4371,James Rivera,jamesrodriguez@example.net,Port Cassandrabury,Guyana
4372,David Bentley,anavarro@example.com,South Eugenetown,Tuvalu
4373,Melanie Carlson,leahsosa@example.org,Nguyenside,Nauru
4374,John Mendoza,jameswiggins@example.net,New Katrina,Antigua and Barbuda
4375,Cassandra Harvey,angelarodriguez@example.com,Port Josephfurt,British Virgin Islands
4376,Sara Thomas,villegasryan@example.org,Martinezmouth,Liechtenstein
4377,Yvette Johnson,halllaura@example.net,Lake Allenbury,Slovakia (Slovak Republic)
4378,Zachary Jones,rrosario@example.org,Ericshire,Croatia
4379,Rhonda Brown,qhardin@example.net,Christinaberg,Equatorial Guinea
4380,Sandy Villa,stevenpalmer@example.org,Westtown,Chad
4381,Savannah Gill,justin12@example.net,South Mary,Kuwait
4382,Corey Preston,upeterson@example.com,Dixonfurt,Uganda
4383,Nicholas King,wilsonjustin@example.net,South Rodneystad,Gambia
4384,Katie Owens,alexander88@example.com,West Eugeneburgh,Cayman Islands
4385,Linda Wagner,reginamiller@example.net,Fletcherstad,Belize
4386,David Garcia,frankstewart@example.net,Stevenhaven,Bulgaria
4387,Seth Lee,kevin17@example.net,West Robertside,Kiribati
4388,Tyler Little,zreynolds@example.org,Brownland,Thailand
4389,Joseph Garcia,rpatel@example.com,South Jeremymouth,Central African Republic
4390,Kevin Knight,dpaul@example.org,Lake Tiffanymouth,Morocco
4391,Kenneth Santiago,nicholasrichardson@example.net,Newmanton,Equatorial Guinea
4392,John Clark,elizabethmiller@example.org,Lake Tammyborough,Mauritius
4393,Sarah Lopez,haydenmatthew@example.org,Valeriehaven,British Virgin Islands
4394,Andre Blackburn,rmartinez@example.com,Port Paul,Norway
4395,Crystal Mitchell,whoward@example.com,Johnstonfurt,San Marino
4396,Maria Williams,gallegosjennifer@example.net,West Natashashire,Italy
4397,Amy Cummings,bonnie73@example.net,New Williamland,Cambodia
4398,Erika Jones,robertmann@example.com,Michaelland,Guadeloupe
4399,Aaron Dorsey,edward23@example.com,South Wendyville,Guatemala
4400,Jennifer Beck,brandon13@example.net,North Danielleville,United States Minor Outlying Islands
4401,Joshua Edwards,sandra32@example.net,Lake Juliaview,Antarctica (the territory South of 60 deg S)
4402,Timothy Campbell,trodriguez@example.net,Williamstad,Mexico
4403,Nicholas Fletcher,blairraymond@example.org,North Kellymouth,Egypt
4404,Rhonda Griffin,laraanna@example.org,Kathrynview,Peru
4405,Michelle Gill,jerryanderson@example.com,South Brett,New Zealand
4406,Nancy Durham,jasmine70@example.net,Ronniefort,Vanuatu
4407,Crystal Fischer,evansjacqueline@example.com,East Michael,Uganda
4408,Brandi Decker,fcantu@example.com,Hobbsside,Guinea
4409,Kenneth Williams DDS,anthonybryan@example.org,Lake Christophermouth,Lao People's Democratic Republic
4410,Anthony Jackson,kevinporter@example.net,Port Alyssafort,Senegal
4411,Annette Campbell,torresmarisa@example.net,Kirbyport,Tajikistan
4412,Kayla Moore,jesus37@example.com,Popeberg,Azerbaijan
4413,Jennifer Rodriguez,harrisjennifer@example.org,West Joyce,Hungary
4414,Ashley Ali,meltonwesley@example.net,Ericton,Ukraine
4415,Ernest Mullen,morrisbrandon@example.com,South Gabrielafurt,Togo
4416,Suzanne Lopez,russelltina@example.net,Gabrielfurt,Kiribati
4417,Stephanie Elliott,justinjohnson@example.net,Davidchester,Peru
4418,James Casey,paulagordon@example.org,Lake Donnamouth,Bouvet Island (Bouvetoya)
4419,Jeffrey Conway,wolfenichole@example.com,Halltown,Papua New Guinea
4420,Julie Gregory MD,aconrad@example.net,Lake Alexisside,Mozambique
4421,Jessica Estrada,ereid@example.net,North Paul,Papua New Guinea
4422,Terry Jimenez,adamsmargaret@example.org,South Jessicaton,Slovakia (Slovak Republic)
4423,Shannon Harrington,douglas68@example.net,New Dylanville,Israel
4424,Christopher Yang,agraves@example.net,Tapiatown,Maldives
4425,Paul Smith,kennedyaudrey@example.com,Eileenside,Madagascar
4426,Eric Gonzalez,sarah74@example.com,Williamsside,Cayman Islands
4427,James Bonilla,edwardsdanielle@example.com,Ianside,Saint Lucia
4428,Samantha Austin,michael83@example.net,Hudsonshire,Puerto Rico
4429,Julia Brewer,carralan@example.com,Port Taylorhaven,Angola
4430,Alfred Alexander,tlarson@example.org,Port Shaunfurt,Reunion
4431,Samantha Macdonald,elizabethlewis@example.net,Arnoldtown,Sweden
4432,Miss Ashley Padilla,kathryn14@example.net,Peterfurt,Faroe Islands
4433,Jimmy Burns,myersjonathan@example.com,New Laurenfort,Libyan Arab Jamahiriya
4434,Monica Ruiz,kallen@example.com,Brianview,Hungary
4435,Kenneth Garcia,emilypacheco@example.com,Port Jacquelineshire,Paraguay
4436,Sara Quinn,jeanettejoseph@example.com,East Wendy,Guinea-Bissau
4437,Carla Brown,andrewcooper@example.org,Phillipsfort,Peru
4438,Amanda Berry,barnesdawn@example.net,New Autumn,Israel
4439,Michelle Fisher,tnolan@example.com,Kerritown,Macao
4440,Joshua Yu,wford@example.net,Kathryntown,Central African Republic
4441,Melissa King,tiffanyjones@example.com,Brandonmouth,Nicaragua
4442,Michelle Smith,ashleyjones@example.net,Jennahaven,China
4443,Patricia Hall,marissarussell@example.org,Lisachester,Serbia
4444,Tracey Atkins,patrickhendrix@example.net,Lake Keithfurt,Korea
4445,Steven Hoover,paulglenn@example.org,New Stephanie,Netherlands Antilles
4446,Kim Brown,wilkinsleslie@example.com,Ortizfurt,Sweden
4447,Teresa Torres,brian91@example.com,Freemanborough,Sao Tome and Principe
4448,Jessica Ruiz,ismith@example.net,North Amandaberg,Nigeria
4449,Samantha Jordan,ashleymendoza@example.net,Jamesfurt,Poland
4450,Timothy Wood,olewis@example.com,East Julietown,Eritrea
4451,Haley Cook,benjamincampbell@example.com,Schmitttown,Madagascar
4452,Tracy Pennington,kelsey46@example.net,Maloneburgh,Libyan Arab Jamahiriya
4453,Jeffrey Espinoza,johnsonmichele@example.com,East Johnport,Rwanda
4454,Jamie Evans,ebonyjefferson@example.org,South Briana,Chile
4455,Robert Ramsey,kellertheresa@example.net,North Valerieside,Cayman Islands
4456,Natalie Stephens,zherrera@example.net,Jamesmouth,Lesotho
4457,Melissa Sandoval,krista34@example.com,Port Waltertown,Romania
4458,Eric Reed,hendricksdebra@example.net,Douglasborough,El Salvador
4459,Samantha Hill,abigailjohnson@example.net,Hudsonview,Lebanon
4460,Sylvia Myers,smiller@example.org,Carolineview,Gabon
4461,Jennifer Sandoval,laurenjohnson@example.net,Sheaborough,Faroe Islands
4462,Dr. Maria Smith,william32@example.org,New Meganborough,Congo
4463,Frank Everett,johnbrewer@example.net,Angeltown,Jersey
4464,Cindy Perez DDS,nicolewalsh@example.org,Perrytown,Samoa
4465,Daniel Smith,sarah09@example.org,Williamtown,Turkey
4466,Jason Miles,thomas69@example.com,Lake Tyler,Togo
4467,Amy Riley,sheri34@example.org,Andrewchester,Sweden
4468,Jeffrey Flowers,maddoxsandra@example.com,North Charlesbury,Eritrea
4469,Melissa Wood,janecervantes@example.org,Christopherville,Cote d'Ivoire
4470,Kevin Schroeder,christophergreen@example.com,North Victoria,Zimbabwe
4471,Sandra Mclaughlin,smithsteven@example.org,Port Alexis,Cuba
4472,Jennifer Johnson,kelly85@example.net,Bentonfurt,Turkmenistan
4473,Valerie Mcguire,imurray@example.com,Kimberlyville,Greenland
4474,Ricardo Becker,alexandriacooke@example.com,Heatherton,Israel
4475,Kevin Brown,mikayla57@example.org,Rodgersland,France
4476,Kristin Strong,michaelreed@example.org,North Robertville,Israel
4477,Kathleen Edwards,cassandraandrews@example.org,Stephanieview,Croatia
4478,Maria Lyons,heatherwheeler@example.net,South Sylviafort,Guadeloupe
4479,Steven Gonzalez,stevenjohnson@example.org,Lake Tracey,Grenada
4480,Kristin Olson,cody99@example.net,South Markshire,United States Virgin Islands
4481,Darryl Riley,rcross@example.net,Smithmouth,Jamaica
4482,Amanda Torres,beardmichael@example.net,Smithmouth,Saint Lucia
4483,Mark Espinoza,jamestorres@example.org,Adamside,Christmas Island
4484,Jodi Howard,jenkinslindsay@example.net,New Jonathan,Cayman Islands
4485,Maria Hill,robert79@example.net,Jamesport,Vietnam
4486,George Cole,danielle16@example.org,East Hayleyfort,Montserrat
4487,Taylor Wilson,amy08@example.net,Zimmermanton,Sri Lanka
4488,Benjamin Beard,jose77@example.net,Meganchester,Guam
4489,Kimberly Long,esandoval@example.com,Colemouth,Comoros
4490,Erika Becker DVM,danieldougherty@example.org,Atkinshaven,Cambodia
4491,Angela Miller,hansenamber@example.com,South Morgan,Malawi
4492,Mia Moon,thomas23@example.net,Barnettfort,Bulgaria
4493,Edwin Gordon,sarahwebb@example.net,North Michael,Italy
4494,Daniel Wu,jacksonjason@example.com,Lake Sharonborough,Malawi
4495,Wayne Rice,xowens@example.com,West Daltonmouth,Bahamas
4496,Shelly Lee,cassandrabrown@example.com,Wagnerbury,Cayman Islands
4497,James Wallace,michaelbeasley@example.net,Salazarborough,Niger
4498,Kristen Lee,cervanteschristopher@example.com,Shannonmouth,Korea
4499,Lisa Brooks,jennifer97@example.net,Melissastad,Belarus
4500,Melissa Kemp,williamfitzgerald@example.net,New Katherine,South Georgia and the South Sandwich Islands
4501,David Reyes,julie20@example.com,Dennisburgh,North Macedonia
4502,Wendy Vargas,brittney70@example.com,South Andrew,India
4503,Norman Mendez,maria74@example.com,South Diana,Japan
4504,Ann Williams,michael69@example.org,New Cameronfurt,Brazil
4505,Brian Mcdonald,sstephens@example.net,North Stephaniehaven,Niger
4506,Wendy Hernandez,bowmankristen@example.org,Aguilarview,Estonia
4507,James Johnson,kmorgan@example.net,Port Williamborough,Trinidad and Tobago
4508,Angela Garcia,cooperkenneth@example.com,Michaelton,Chad
4509,Patrick Morales,alberttaylor@example.com,South Glennhaven,Mauritius
4510,Julie Smith,angelrobertson@example.org,Davishaven,Uganda
4511,John Wolfe,ericbrown@example.net,New Daniellestad,Netherlands Antilles
4512,Adam Baxter,morrisadam@example.com,Farrellland,Brunei Darussalam
4513,Sherry Collier,andrea78@example.org,Matthewsstad,Hong Kong
4514,Rachel Lopez,smiller@example.org,Stephensberg,Christmas Island
4515,Charlene Bauer,lwilkinson@example.org,East Ronaldchester,Cameroon
4516,Megan Stark MD,acostajamie@example.net,North Ricardofort,Gibraltar
4517,Timothy Mcdonald,hartjohn@example.com,Josephmouth,Honduras
4518,Thomas Kirk,pgarcia@example.net,Tracychester,Malaysia
4519,Crystal Taylor,craigjohnson@example.net,Port Lindsay,Western Sahara
4520,Elizabeth Morales,smithkatherine@example.net,Robinsonfort,India
4521,Kendra Freeman,burnsjeffrey@example.org,Jacobland,Myanmar
4522,Kimberly Anderson,tle@example.org,Glassshire,Equatorial Guinea
4523,Steven Hunt,zjohnson@example.org,West Martha,Iran
4524,Jamie Evans,vpreston@example.com,East Darryl,Sri Lanka
4525,Jessica Wilson,guerrerocynthia@example.net,Kimberlychester,San Marino
4526,Phillip Lee,stephen96@example.com,Robertburgh,Cook Islands
4527,Evan Massey,longbrent@example.net,South John,Burkina Faso
4528,Erika Hill,fordemily@example.org,Romerohaven,Liechtenstein
4529,Dylan Martinez,rivaskaren@example.net,Lake Jenniferland,Taiwan
4530,Courtney Cruz,turnerlawrence@example.net,Port Rodneychester,Vanuatu
4531,Laura Cordova,mcknightdeborah@example.net,Ericafurt,Holy See (Vatican City State)
4532,Joseph Powers,wallhannah@example.net,Abigailland,Hong Kong
4533,Jason Robertson,brownwilliam@example.org,Timothymouth,Afghanistan
4534,Eric Hill,joseph35@example.com,Wilsonview,Brunei Darussalam
4535,Ashley Mccoy,dbryant@example.net,New Rogermouth,Saint Pierre and Miquelon
4536,Lauren Nunez MD,rsmith@example.org,Yvetteshire,Congo
4537,Michael Dean,joanna81@example.org,North Tanya,El Salvador
4538,Kimberly Golden,aramos@example.com,Millerville,Guatemala
4539,Brianna Johnson,perkinsrobert@example.com,Jenkinsshire,Puerto Rico
4540,Alyssa Frazier,meganjenkins@example.net,East Natalieberg,Greenland
4541,Diamond Robbins,linda91@example.com,Aliceborough,Niger
4542,Brandi Chase,jacob82@example.org,Macdonaldstad,Kenya
4543,Nicole Perry,bmcconnell@example.com,Lake John,Iraq
4544,David Shelton,ibenson@example.org,New Davidton,Norway
4545,Amanda Beasley,edwardmcclure@example.com,East Timothy,Malaysia
4546,Brandy Kennedy,simonnathan@example.com,Randolphland,Armenia
4547,Courtney Simpson,jeanettereeves@example.com,New Shawn,New Caledonia
4548,Denise Church,nwilliamson@example.com,Jordanton,Switzerland
4549,Patricia Powell,lclark@example.org,Cruzland,Taiwan
4550,Melissa Hamilton,ysalas@example.com,Monicaside,Germany
4551,James Martinez,stephengraham@example.net,South Abigail,Hungary
4552,Monica Ramirez MD,fyoung@example.com,Wesleyview,Cuba
4553,Alejandra Campbell,wilkinsondonna@example.com,New Jose,San Marino
4554,Regina Marshall,morrismason@example.net,New Jacobborough,Syrian Arab Republic
4555,Keith Arnold,tlewis@example.net,Pughbury,Mali
4556,Daniel Schmidt,paul68@example.com,Gibsonshire,Montenegro
4557,Joy Cain,johngarza@example.com,Jamestown,Palestinian Territory
4558,Scott Owens,hesterlaura@example.com,Fuentesshire,Reunion
4559,Jennifer Marsh,meghan87@example.org,Jonathanberg,Netherlands Antilles
4560,James Wall,ehopkins@example.org,Carlmouth,Solomon Islands
4561,Christopher Martin,elizabeth49@example.com,Greentown,Christmas Island
4562,Ashley Long,james40@example.com,Hornfurt,Montenegro
4563,Christina Jackson,sbryant@example.org,Lake Elizabeth,British Virgin Islands
4564,Kristin Jackson,dorothydavis@example.com,New Brent,Mali
4565,Jill Wyatt,kmoreno@example.org,Hannahmouth,Andorra
4566,Jeffrey Perry,ginaray@example.org,North Joseph,Faroe Islands
4567,Martin Davis,xconley@example.com,North Robert,Lesotho
4568,Julia Peters,rickylee@example.org,West Tyler,Russian Federation
4569,Gerald Thomas,ashleymoreno@example.org,Sharistad,Uganda
4570,David Walters,rstewart@example.com,New Calebshire,Turks and Caicos Islands
4571,Jacqueline Harper,erik33@example.org,New Jeremiah,Ecuador
4572,Ray Parker,larajodi@example.net,North Jon,New Caledonia
4573,Jessica Stewart,rmcguire@example.org,Port Samuelchester,French Polynesia
4574,Ryan Trujillo,tanya44@example.com,West Victoriahaven,Cyprus
4575,John Collier,kimberly48@example.org,Taylorberg,Bahrain
4576,Carrie Bruce,edwardriley@example.org,New Juan,Madagascar
4577,Christina Huffman,pstark@example.net,Kayleeview,Senegal
4578,Barbara Gardner,prichards@example.com,Ashleyborough,Samoa
4579,Karen Stewart,garcialauren@example.org,New Jeremiahfurt,Algeria
4580,Jacqueline Lopez,christopher27@example.org,Bryantbury,Costa Rica
4581,Jonathan Stephens,tinagreer@example.net,West Alejandro,Sudan
4582,Sherry Vasquez,bpotter@example.org,West Peter,South Africa
4583,Alexander Reyes,zcooper@example.net,Stokesmouth,Madagascar
4584,Gary Weiss,margaretward@example.org,West Robertatown,Luxembourg
4585,Richard Burch,russomario@example.net,South Matthew,Macao
4586,Lisa Miller,zmorrison@example.com,Ericatown,Jordan
4587,Alex Holloway,shannontorres@example.org,East Thomas,Iran
4588,Lauren Foster,mccartymaria@example.com,Walkershire,Luxembourg
4589,Anna Tucker,rebeccacarlson@example.net,Port Chadfort,Sweden
4590,Robert Ellison,swansonvictor@example.net,Bowmanview,Romania
4591,Donna Smith,fitzgeraldstephen@example.org,Port Edwardhaven,New Zealand
4592,Michael Navarro,adkinssarah@example.com,North Adamfort,Martinique
4593,Jill Gonzales,paige41@example.com,Justinland,Kyrgyz Republic
4594,Jose Hill,floresbriana@example.com,Wheelerborough,United Kingdom
4595,Bradley Davis,christophermiller@example.com,West Alexis,Turkmenistan
4596,Kimberly Christian,amandahurley@example.org,Danielmouth,Togo
4597,Troy Willis,spena@example.net,Haaschester,Thailand
4598,Kristie Arellano,joshuaramos@example.org,Stevenstad,Nauru
4599,Danielle Summers,davisstephanie@example.net,Kaylaburgh,Gambia
4600,Ryan Schultz,wpatton@example.com,Williamside,Andorra
4601,Jonathan Cruz,ljohnston@example.org,Garyshire,Kyrgyz Republic
4602,Mr. Tommy Turner DDS,marypalmer@example.org,Alyssaborough,Congo
4603,Hector Elliott III,gardnermichael@example.net,Lake Melissachester,Guinea
4604,Mackenzie Potts,dunnsara@example.org,Wendychester,Sri Lanka
4605,Zachary Brady,coxjohn@example.net,East Ericview,Singapore
4606,Stephanie Merritt,webbbenjamin@example.com,Lake Elizabethburgh,Suriname
4607,Mario Acevedo,randall76@example.net,New Betty,Niue
4608,Melinda Mendez,brooke39@example.org,Brittneymouth,Ecuador
4609,Chris Smith,mark37@example.com,Port Johnberg,Seychelles
4610,Ashley James,brent39@example.com,Johnathanburgh,Isle of Man
4611,Sandra Alvarez,david22@example.net,East Ericahaven,Venezuela
4612,Pamela Owens,jason47@example.net,Lake Roberto,Australia
4613,Ryan Hart,xhamilton@example.net,Lake Robertborough,Belize
4614,Michaela Walker,lisa17@example.org,Sarafurt,Turks and Caicos Islands
4615,Justin Gutierrez,michaelhernandez@example.com,Lake Johnmouth,Tokelau
4616,Mary Henderson,frankbanks@example.org,Lake Cynthia,Mali
4617,Anthony Daniel,kberger@example.com,Lake Tiffany,United Arab Emirates
4618,Jennifer Baker,terri02@example.net,Christinaborough,British Virgin Islands
4619,Rachel Fernandez,jennifer71@example.net,North Jamesberg,Lithuania
4620,Kelly Marquez,gsmith@example.net,West Kendrabury,North Macedonia
4621,Rachel Allen,eelliott@example.com,Port Johnshire,Guadeloupe
4622,Angela Berg,thomasrivera@example.org,Jonathanview,Indonesia
4623,Kevin Perkins,kevin25@example.org,Linport,Zambia
4624,Jennifer Davis,shawna15@example.net,Lake Derek,Cameroon
4625,Dr. Dorothy Moore,kellykelly@example.net,Port Seth,Syrian Arab Republic
4626,Lee Wright,shermansally@example.net,West Michaelfort,Peru
4627,Kevin Reeves,eugene99@example.net,East Randyhaven,Congo
4628,Linda Cunningham,nathanclements@example.com,Mcmahonport,Guyana
4629,Briana Price,terryjohnston@example.org,Ryanstad,Falkland Islands (Malvinas)
4630,Maria Thompson,joshua73@example.com,East Nancychester,Iceland
4631,Andrew Mckay,cynthia20@example.net,Derrickview,Faroe Islands
4632,Brandon Hughes,alexanderperez@example.net,Jamesborough,Bahamas
4633,Evan Wolf,rachel84@example.com,Wendymouth,Tanzania
4634,Adam Weeks,olivia83@example.com,New Daniel,Maldives
4635,Bruce Hoffman,michele63@example.com,Lake Christinebury,Wallis and Futuna
4636,Ashley Wilson,cindycampbell@example.com,Port Jessicaton,Saint Lucia
4637,Kathryn Day,kathyjones@example.org,Port Benjamin,Bulgaria
4638,Edward Turner,annette93@example.net,West Juliachester,Germany
4639,Donna Serrano,westlisa@example.org,Pattersonmouth,Myanmar
4640,Shannon Martin,wwalsh@example.net,New Johnton,Panama
4641,Paula Gibson,webbalan@example.com,Kyleburgh,Morocco
4642,Michael Ballard,tiffanymelendez@example.net,Christopherview,France
4643,Brooke Munoz,hernandezcharles@example.net,West Donaldberg,Malaysia
4644,Dawn Harris,william57@example.org,Stanleyhaven,Russian Federation
4645,Nicole Peterson,mfitzgerald@example.org,Jonesside,Nicaragua
4646,David Carter,jclark@example.com,Villaborough,Finland
4647,Nicholas Nelson,randallwang@example.net,Johnsonhaven,Poland
4648,Matthew Mitchell,angela75@example.org,Jeffreyside,Mongolia
4649,Brandon Smith,leahwashington@example.net,North Heather,Turkey
4650,James Weber,tanya76@example.com,Cordovaville,Cape Verde
4651,Bradley Palmer,bensonscott@example.com,Lesliebury,Italy
4652,Amy Wagner,sara97@example.com,Thompsonton,Palestinian Territory
4653,Ashley Cruz,tpalmer@example.net,Lake Dale,Bangladesh
4654,Juan Williams,alex58@example.net,Coxchester,Benin
4655,Bryan Murphy,wthompson@example.com,Brandonchester,United States Virgin Islands
4656,Sara Lopez MD,reginaldpearson@example.net,Hubbardville,Egypt
4657,Alicia Griffith,victoria07@example.com,Robinburgh,Martinique
4658,Don Jackson,jeremy62@example.net,East Lindaborough,Georgia
4659,Matthew Cantu,mathisstephen@example.com,South Erin,Saudi Arabia
4660,Donald Reynolds,nathanmiller@example.org,Port Samuel,Burundi
4661,Brian Sanchez,ronnie87@example.net,West Matthewborough,Bahamas
4662,Victoria Martin,xdominguez@example.com,Matthewmouth,Serbia
4663,James Stewart,warrenchristina@example.org,New Lisaside,Liberia
4664,Susan Hill,davisabigail@example.com,East Joseland,Turkmenistan
4665,Kimberly Hall,sharonhodges@example.net,South Matthewport,Bolivia
4666,Alan Douglas,haroldjones@example.org,Riverachester,Bhutan
4667,Eugene Scott,whitneyallison@example.com,Robinsonshire,Indonesia
4668,Kenneth Owens,danielle97@example.org,West Sharon,Martinique
4669,Paul Joseph,ericaanthony@example.net,Michaelville,Tonga
4670,Dennis Combs,amy70@example.net,Lake Leahshire,Faroe Islands
4671,Bonnie Mitchell,dhoward@example.net,North Jennifertown,Isle of Man
4672,Benjamin Hudson,nvillegas@example.com,Robertsstad,Tonga
4673,Dana Martinez,charles74@example.com,East Ebonystad,Chad
4674,Brittany Moore,rachel99@example.net,West Meganbury,Yemen
4675,Adam Moore,tolson@example.com,Schultzview,Maldives
4676,Michelle Merritt,blevinsbilly@example.org,Brianfurt,Macao
4677,Kathryn Lin,sfloyd@example.net,North Stephaniestad,Cambodia
4678,Charles Flores MD,vasquezbarbara@example.net,Port Ronnie,Cambodia
4679,Willie Cuevas,heatherhunt@example.net,South Mary,Jordan
4680,Tracey Vang,danagilmore@example.net,Carmenborough,Bhutan
4681,Amanda Robertson,daniel28@example.org,Tuckerside,Turkmenistan
4682,Dr. Kevin Ford MD,anna71@example.net,Lake Krista,Tanzania
4683,Robert Pitts,nelsonregina@example.net,North Donnamouth,Puerto Rico
4684,David Dixon,kellyparker@example.com,East Kirstenmouth,Egypt
4685,Ryan Hess,jamesprice@example.com,West Renee,Switzerland
4686,Andrew Rodriguez,millerhannah@example.org,New Scott,Hong Kong
4687,Barbara Mcbride,jbishop@example.org,Rileyborough,Singapore
4688,Brianna Thompson,joneskathleen@example.net,Kellyside,Northern Mariana Islands
4689,Ronald Foster,mercadojesse@example.net,West Marvin,Zambia
4690,Mrs. Miranda Price,ljacobs@example.com,Scottfurt,Turkmenistan
4691,Eric Espinoza,mmoore@example.net,Teresachester,Mali
4692,Connor Gray,donald48@example.com,Michaelbury,Estonia
4693,Joseph Blankenship,oscarjohnson@example.com,Hicksfort,Gambia
4694,Patrick Morales,sbarrera@example.net,Longhaven,Reunion
4695,Richard Huber,ogray@example.com,Crosston,Lebanon
4696,Jon Blevins,wsmith@example.org,East Edwardmouth,Brunei Darussalam
4697,Nathaniel Johnson,jeffreybrooks@example.com,Kimberlyland,Montserrat
4698,Courtney Wang,bwilliams@example.net,Lake Jacquelineberg,Saint Helena
4699,Thomas Estrada,yfoster@example.com,North Jeffrey,Uzbekistan
4700,Brandon Rogers,jason50@example.org,Franklinstad,Ethiopia
4701,Cameron Paul,garcianorma@example.net,New Melissa,Mali
4702,Veronica Yang,ukramer@example.org,North Mike,Hong Kong
4703,Diane Yu,fisherdylan@example.org,West Amanda,Hungary
4704,Jacqueline Patterson,nancy11@example.com,West Gerald,Bahrain
4705,Elizabeth Pugh,fwells@example.org,Larsonstad,Mauritius
4706,Carla Scott,millerjoanna@example.org,North Kennethtown,Morocco
4707,Tina Watson,nelsonjeremy@example.net,Johnland,Saint Barthelemy
4708,Logan Hunt,charlesdurham@example.org,Lake Nicole,Falkland Islands (Malvinas)
4709,Dr. Jennifer Miller,yrios@example.org,Welchchester,Swaziland
4710,Leslie Ford,rebeccaschroeder@example.com,Warrenhaven,Mauritania
4711,Whitney Moon,hrodriguez@example.net,Larabury,Panama
4712,Meagan Jennings,xwilcox@example.net,Port Johnfurt,Congo
4713,Michael Martin,donaldsanchez@example.org,Port Davidmouth,Faroe Islands
4714,Robin Long,marknelson@example.net,West Allisonland,India
4715,Ann Sutton,garciajason@example.net,Maryfort,Pakistan
4716,Richard Blake,nguyenkeith@example.org,Pinedafurt,Egypt
4717,Frank Reyes,taylorfrancis@example.org,Evanshaven,Jordan
4718,Sarah Alvarado,enguyen@example.net,Medinaton,French Southern Territories
4719,Robert Patterson,pedwards@example.org,New Stephanie,Iceland
4720,Michelle Brown,cookjessica@example.net,Christineberg,Saint Martin
4721,Larry Webster,mcphersonstephen@example.net,Lake Coreyhaven,Mauritania
4722,Dennis Green,gomezalisha@example.net,Candaceborough,Ukraine
4723,Jeffrey Sanchez,shannonchavez@example.com,New Victoria,Namibia
4724,Brian Kirby,schwartzjennifer@example.org,Andreashire,Israel
4725,Jessica Hart,billymorgan@example.org,West Dominic,Swaziland
4726,Nicole Taylor,jennaedwards@example.net,South Ryanfort,British Virgin Islands
4727,Kimberly Brown,perezalexander@example.com,South Kimberlyborough,Cameroon
4728,Danielle Sanders,charlesjustin@example.com,New Josephview,Luxembourg
4729,Jack Johnson,ihoward@example.com,Bethanyburgh,Norfolk Island
4730,Martin Bonilla,schmidtjames@example.org,East Gracebury,Papua New Guinea
4731,Billy Bauer,taylormark@example.net,Ronnieville,Mauritius
4732,Rachel Moore,andrew31@example.net,Aliciaview,Dominica
4733,Nicholas Cook,vcollier@example.org,Danielchester,Kuwait
4734,Kathleen Parker,rodney05@example.com,North Ashley,French Guiana
4735,Daniel Nelson,fmoreno@example.net,North Darrellchester,Oman
4736,Veronica Hill,millerlauren@example.com,Brianfurt,Burundi
4737,Matthew Gutierrez,scotttammy@example.net,Matthewberg,Anguilla
4738,Ricardo Lewis,brucejames@example.org,South Chadhaven,Romania
4739,Andres Vaughan,glovermark@example.com,Williamsfort,American Samoa
4740,Edward Kelly,rachelbarker@example.org,North Meganbury,Luxembourg
4741,Gwendolyn Bean,olsonedward@example.com,Beckerburgh,Madagascar
4742,Lauren Barron,carly71@example.com,West Jenniferton,Wallis and Futuna
4743,Thomas Poole,danielcooper@example.org,Clarkeberg,Peru
4744,Keith Perez,michael86@example.net,East David,Egypt
4745,Joseph Davis,tina40@example.org,Charleshaven,Turks and Caicos Islands
4746,Sandra Crawford,kyle89@example.net,Barbaraview,Saudi Arabia
4747,David Hernandez,parkerangela@example.net,Paynehaven,Saint Helena
4748,James Crane,cpeck@example.com,North Michaelmouth,Pitcairn Islands
4749,Eugene King,petermullins@example.org,Garciafurt,Central African Republic
4750,Thomas Little,mark78@example.org,Halemouth,Azerbaijan
4751,Michael Cooper,watkinsmark@example.com,New Pamelafort,Bolivia
4752,Dawn Chung,iwalker@example.org,East Jamie,Palestinian Territory
4753,Joshua Elliott,vfrench@example.com,Gatesmouth,Angola
4754,Lisa Sanchez,richardrivera@example.org,New Kyleborough,Luxembourg
4755,James Smith,antonioharris@example.org,Port Paulfurt,Belarus
4756,Timothy Shaw,qsmith@example.org,Lake George,British Virgin Islands
4757,Melinda Tyler,matthewferguson@example.org,Schaefermouth,Italy
4758,Matthew Dawson,brockangela@example.org,Teresahaven,Peru
4759,Katherine Hernandez,ismith@example.com,Stacyfurt,Philippines
4760,Lauren Jones,lindaweiss@example.org,Perezland,Haiti
4761,Matthew Carpenter,bakercarol@example.org,Sydneystad,Uruguay
4762,Joel Gomez,buckrichard@example.org,South Michael,Armenia
4763,Ricardo Morgan,gravespatricia@example.org,Tomtown,Luxembourg
4764,Natalie Pollard,karen16@example.com,Collinfurt,Belgium
4765,Vanessa Adams,basselizabeth@example.org,New Kiara,Suriname
4766,Curtis Abbott,creeves@example.net,Port Joseview,Isle of Man
4767,Matthew Aguilar,dianasanchez@example.net,Caitlynville,Jersey
4768,Michael Graham,maurice56@example.net,Andrewston,Hong Kong
4769,Daniel Herrera,charlesmccormick@example.com,Robbinstown,Cameroon
4770,Jordan Nelson,qcordova@example.org,Andrewport,Svalbard & Jan Mayen Islands
4771,Nathan Taylor,paige10@example.com,Carolville,Fiji
4772,Jessica Perez,tiffanyrusso@example.org,Laurastad,United States of America
4773,Melissa Alvarez,john64@example.net,Port Andrea,Montserrat
4774,Olivia Torres,darrendavis@example.com,South Michael,Palau
4775,Zachary Sosa,freemanmariah@example.net,Port Robert,Saint Martin
4776,Thomas Campbell,chaddavenport@example.net,West Joshuabury,Panama
4777,Jenny Jones,cbanks@example.org,Port Blakeville,Myanmar
4778,Andrew Robertson,angela98@example.com,North Andrew,Philippines
4779,Jason Knight,jesse87@example.net,East Sharon,Nepal
4780,Susan Daniels,zbyrd@example.net,New Jeremyburgh,Georgia
4781,Alicia Brown,charlesmckenzie@example.com,Bairdshire,Mozambique
4782,Laura Farmer,alvaradokayla@example.org,Loweland,Estonia
4783,Shawn Hurst,michelle51@example.org,Spearsberg,Cuba
4784,Katie Francis,usmith@example.com,Murillohaven,United States Virgin Islands
4785,Michael Huynh,lewismichael@example.org,West Jeffreyside,Papua New Guinea
4786,Kelsey Hayes,cramirez@example.com,Victoriaburgh,India
4787,Jason Holt,uwiley@example.com,Gloverview,Cocos (Keeling) Islands
4788,Christian Holden,lydia51@example.com,West Kelsey,Switzerland
4789,Courtney Mahoney,wlee@example.com,Taylorborough,Bouvet Island (Bouvetoya)
4790,Robert Wright,tjones@example.net,Mendezhaven,Mexico
4791,Susan Williams,charles34@example.org,Elizabethview,Angola
4792,Eric Wallace,rwilson@example.org,Port Bryanstad,Brunei Darussalam
4793,Todd Tran,hannahreyes@example.net,Phillipsmouth,Brazil
4794,Raymond Hawkins,tina89@example.org,Shaunhaven,Mauritania
4795,Deanna Campbell,jennifergarcia@example.com,Christophermouth,Namibia
4796,Alyssa Frey,bonnie72@example.com,Wilsonside,French Polynesia
4797,Brandon Lambert,prestonjames@example.org,East Mikebury,Russian Federation
4798,Kristin Strong,qmoore@example.com,New Davidton,Georgia
4799,Ray Green,elizabeth38@example.com,Cohenstad,Cape Verde
4800,Brent Daniel,reedjose@example.net,Harrisburgh,Malawi
4801,Kevin Smith,rhonda97@example.net,Dylanfort,Cocos (Keeling) Islands
4802,Christina Chandler,michaelanthony@example.net,West Markburgh,Tuvalu
4803,Jennifer Franco,williamsjames@example.org,Reedberg,Tunisia
4804,Austin Ross,jacksonchad@example.net,Cruzbury,Belarus
4805,Victoria Thornton,adam87@example.org,Shellychester,Mongolia
4806,Jamie Williams,james19@example.net,New Edward,Gibraltar
4807,Heather Allen,laneryan@example.org,Duncanfurt,North Macedonia
4808,David Moore,tsullivan@example.net,Hendricksland,Botswana
4809,Alicia Myers,michaelgood@example.net,Richardmouth,Guinea
4810,Debra Cox,psmith@example.com,Kimberlyton,Peru
4811,Gabrielle Joseph,kelly16@example.net,Lake Austinstad,Philippines
4812,David Fitzgerald Jr.,richardsscott@example.net,Pachecotown,Singapore
4813,Anthony Lang,harristina@example.com,Deborahside,Netherlands Antilles
4814,Rachel Mejia,robertadams@example.net,Port Michael,United Kingdom
4815,Michael Christensen,qwalker@example.net,East Jennifertown,Japan
4816,Jessica Cobb,jyoung@example.com,Port Michaelport,Northern Mariana Islands
4817,Jennifer Dean,hpalmer@example.org,East Eduardo,Grenada
4818,Sara Yates,cbrooks@example.net,South Catherineport,Wallis and Futuna
4819,Aimee Cook,myersalyssa@example.net,New Jennifermouth,Mexico
4820,Deborah Harrell,jose37@example.com,Mccarthyborough,Estonia
4821,Nathaniel Davis,samanthasmith@example.net,Taylorberg,Reunion
4822,Steven Torres,shannon18@example.net,Victorialand,Tajikistan
4823,Meghan Ross,chris60@example.net,Port Kristi,Saint Lucia
4824,Bryan Becker,barry30@example.com,Bakermouth,Bulgaria
4825,Margaret Russell,dfisher@example.org,East Shawnburgh,Kuwait
4826,Edgar Mack,anna17@example.com,West Amanda,United Kingdom
4827,Stephen Lopez,adamferguson@example.org,Lake Shelia,Uzbekistan
4828,Jacob Johnson,dawn89@example.org,Tuckerport,Kazakhstan
4829,David Lopez,cathy69@example.com,Gonzalesbury,Burkina Faso
4830,Olivia Jones,benjamin17@example.com,Rodriguezburgh,United Arab Emirates
4831,Jenna Morris,amber27@example.net,Weaverton,Chad
4832,Samuel Mathis,christopherhoward@example.com,Novaktown,French Polynesia
4833,Travis Farley,tmartinez@example.com,Barrettland,Czech Republic
4834,Juan Nash,donaldbanks@example.com,West Barbara,Serbia
4835,Rachel Herrera,emilyhuynh@example.com,Justinland,Timor-Leste
4836,James Butler,ashleykelly@example.org,Melissaview,Malawi
4837,Derek Rollins,aclark@example.net,West Lucasshire,Colombia
4838,Andrea Briggs,christopherray@example.org,Daisychester,Syrian Arab Republic
4839,Alexander Walker,dorseykimberly@example.com,West Matthew,British Virgin Islands
4840,Sarah Morales,derrick69@example.net,Port Antonioberg,Guatemala
4841,Gregory Haynes,anna31@example.net,South Geoffreyberg,Zambia
4842,Karen Robinson,nathanluna@example.com,Carlsonfurt,Swaziland
4843,Thomas Jimenez,vanessareynolds@example.net,New Emily,South Africa
4844,Heidi Moreno,chelseamullins@example.net,Thompsonfurt,French Southern Territories
4845,Brenda Mullen,melissa19@example.com,South Tonyashire,Western Sahara
4846,Lisa Wolf,cgraham@example.net,New Kevin,Palestinian Territory
4847,Ariana Williams,iwhite@example.net,North Tiffanychester,Sao Tome and Principe
4848,Alexandra Pierce,tjones@example.com,Lake Melodyton,British Indian Ocean Territory (Chagos Archipelago)
4849,Susan Williamson,jayalexander@example.net,Jacksonville,Myanmar
4850,Clifford Proctor,robertsonkelly@example.net,East Juliechester,Botswana
4851,Charles Mcknight,sweeneyholly@example.com,Karichester,Togo
4852,Joseph Kaiser,laurenramirez@example.net,Parsonsstad,Paraguay
4853,Keith Mccarthy DDS,romerochristine@example.com,Lake Jessica,Russian Federation
4854,Michelle Lewis,zsmith@example.net,South John,Greenland
4855,Jennifer Stone,qbonilla@example.com,Lake Gregory,Portugal
4856,Joyce Larson,dreyes@example.net,Adamsview,Myanmar
4857,Sarah Guzman,katie54@example.org,Port Derrick,Libyan Arab Jamahiriya
4858,William Elliott,timothy15@example.com,North Ricky,Tanzania
4859,Bryan Sampson,jamessmith@example.com,Leemouth,Estonia
4860,Mr. Joshua Delacruz,owilliams@example.org,Castilloview,Austria
4861,Yvonne Sloan,kimberlysweeney@example.net,East Jonathan,South Africa
4862,Matthew Tucker,bwolf@example.org,West Joshualand,Japan
4863,Gary Griffin,laneandrew@example.org,South Jason,Somalia
4864,Stacey Hartman,williamsbrittany@example.org,Moorebury,Czech Republic
4865,Joseph Vaughan,vmartinez@example.net,Robertmouth,Jamaica
4866,Cassandra Smith,umassey@example.org,New Walterview,Norfolk Island
4867,Rhonda Sanchez,bphillips@example.com,South Carrie,Denmark
4868,David Martinez,ahenry@example.net,Williamshaven,Central African Republic
4869,Brenda Martinez,darryl92@example.org,South Melissaview,Samoa
4870,Taylor Ford DDS,joshua15@example.net,West Jacobmouth,Tunisia
4871,Dawn Garcia,alexandermeyers@example.org,Jacquelineshire,Slovenia
4872,Wesley Burch,jenniferedwards@example.net,Lake Davidmouth,Pitcairn Islands
4873,Miranda Taylor,jane24@example.org,Amyville,Malawi
4874,Cheryl Elliott,kristen17@example.com,Jamiehaven,Guinea
4875,Mr. Robert Clark DVM,dkennedy@example.net,Muellermouth,Antarctica (the territory South of 60 deg S)
4876,Steven Esparza,urodriguez@example.org,Lake Jeremyview,Niger
4877,Christine Johnson,benjamincarter@example.net,East Tammy,Honduras
4878,Tammy Thompson,joeljones@example.net,North Bryanstad,Slovenia
4879,Manuel Gonzalez,psolis@example.org,Cainton,Guam
4880,Jennifer Prince,amber74@example.org,Erinport,El Salvador
4881,Joshua Harris,thomasray@example.org,Cooperbury,Saint Pierre and Miquelon
4882,Cheryl Jones,monica84@example.net,South Blakestad,Germany
4883,Olivia Montgomery,scottvasquez@example.net,Lindachester,Bahamas
4884,April Gray,stevencruz@example.net,West Georgemouth,Barbados
4885,Warren Roberts,christyperry@example.net,New Kelsey,Cameroon
4886,Matthew Kelly,michaelhernandez@example.com,Paulahaven,Uganda
4887,Jared Washington,jameslawrence@example.net,North Emily,Kenya
4888,Joseph Andrews,kim23@example.org,East Kristine,Comoros
4889,Kathleen Wright,smithmichelle@example.org,Osbornbury,Cocos (Keeling) Islands
4890,Melissa Barrett,ghodge@example.net,South Wanda,Nepal
4891,Jeremy Grant,zacharyjones@example.com,West Erinberg,South Africa
4892,Mr. Alec Luna,tfoster@example.net,Reynoldsburgh,Guinea
4893,Tracy Escobar,richardhines@example.net,Lukeshire,Afghanistan
4894,James Cooper,shudson@example.com,West Mikayla,Mozambique
4895,Dawn Reese,derek47@example.net,North Dwaynetown,Mayotte
4896,Samantha Harris,boyerkelly@example.org,New Charlene,Argentina
4897,Michael Barajas,hwilliams@example.net,Lindseytown,Liechtenstein
4898,Kimberly Smith,martinezdana@example.net,East Markborough,Bangladesh
4899,Patrick Wilcox,sandy61@example.org,Port Robertville,Somalia
4900,Jesse Chambers,edwardrojas@example.com,Lloydmouth,Qatar
4901,Elizabeth Smith,jrobertson@example.com,South Hannahbury,Slovakia (Slovak Republic)
4902,Stephanie Hughes,tony96@example.net,Allisonfort,Niue
4903,Peter Cherry,ttaylor@example.org,Codystad,Mauritius
4904,Lisa Mendez,william96@example.com,West Angelamouth,Albania
4905,Carol Koch,peter39@example.net,New Debraton,Cook Islands
4906,John Lynch,wallerisaiah@example.net,West Shannontown,Uruguay
4907,Carlos Turner,caseyvickie@example.org,Bishopburgh,Micronesia
4908,Jessica Manning,lisakeith@example.com,Smithhaven,Barbados
4909,Kenneth Kelley,marthacunningham@example.com,East Jeffrey,Saint Lucia
4910,Diana Stewart,swatkins@example.org,South Markland,Martinique
4911,Gwendolyn Blake,dtaylor@example.org,Anthonymouth,Gambia
4912,Katherine Keller,leejeffrey@example.org,Brennanhaven,New Caledonia
4913,Mary Nguyen,cervantescorey@example.com,Cassandrachester,Mongolia
4914,Darren Williams,tiffany92@example.net,Carriemouth,Tokelau
4915,Micheal Gray,mark10@example.net,Lake Debra,Montenegro
4916,Edward Lara,friedmanmichael@example.com,Santoschester,Djibouti
4917,Savannah Williams,brendacole@example.net,Jonesland,Iceland
4918,Sharon Mann,veronica81@example.net,Jacquelineport,Western Sahara
4919,Marissa Walker,murphyjeremy@example.net,Mackenzietown,New Caledonia
4920,Valerie Silva,umeyer@example.com,Lake Brandonhaven,Brunei Darussalam
4921,Nicholas Molina,romerosteven@example.com,North Robertmouth,New Caledonia
4922,Carly Campbell,tiffany50@example.net,Kiddmouth,French Southern Territories
4923,Carl Park,bbrown@example.org,Cunninghamtown,Svalbard & Jan Mayen Islands
4924,Erik Barrera,paul95@example.com,South Luisfurt,United Arab Emirates
4925,Michelle Kramer,slamb@example.com,Wilsonfurt,Mozambique
4926,Summer Brown,coxmark@example.org,Sydneyfort,Iraq
4927,Fernando Flores,sdavila@example.net,New Theresaborough,China
4928,Collin Cobb,aaron17@example.net,Olsonland,Uzbekistan
4929,Henry Glass,sandra40@example.org,East William,Tonga
4930,Anna Velazquez,pamela68@example.com,East Williamberg,Puerto Rico
4931,Richard Kelley,jennifer05@example.net,Kimberlyport,Nauru
4932,Lydia Chaney,ccook@example.net,Ashleyshire,Canada
4933,Samantha Silva,dorothy89@example.org,East Belindamouth,Ireland
4934,Sarah Cohen,lisaparker@example.com,Craigtown,Syrian Arab Republic
4935,Mitchell Mack,hjones@example.com,East Kelli,Grenada
4936,Walter Watson,andrea27@example.org,Lake Kari,Equatorial Guinea
4937,Stephanie Page,andrew73@example.org,Lake Courtneyborough,Cook Islands
4938,Aaron Torres,james71@example.com,West Brandon,Slovenia
4939,Janice Richards,colleenponce@example.net,Navarroland,New Zealand
4940,Whitney Clark,christopherthomas@example.net,Veronicaberg,Tanzania
4941,Misty Ramos,velasquezzachary@example.org,Wilsontown,Saudi Arabia
4942,Kristi Reed,george54@example.net,Williefurt,Belize
4943,William Mcdowell,robertsonharold@example.com,South Tylerfort,Madagascar
4944,Jordan Gallagher,stefanie70@example.com,North Fredside,Congo
4945,Cheryl Lewis,cindylivingston@example.com,Lake Zachary,Brazil
4946,Richard Lang,uwilliams@example.org,Jasonfurt,Luxembourg
4947,Lauren Tran,cnielsen@example.org,Claytonport,Cambodia
4948,Rebecca Harper,joshua90@example.com,West Rebeccatown,Korea
4949,Katrina Chen,jeffreycasey@example.net,Brianland,Bermuda
4950,Andrew Evans,heather32@example.com,South Antoniomouth,Pitcairn Islands
4951,Heather Williams,buchananalejandro@example.com,Warnerstad,Brazil
4952,Kenneth Norman,gponce@example.net,New Kevinton,Poland
4953,Shannon Johnson,tammy79@example.net,Campbellside,French Southern Territories
4954,Jessica Morgan,danielpruitt@example.net,North Autumnview,Iran
4955,Carla Esparza,jacobsjohn@example.org,North Vanessafurt,Iran
4956,Steven Barr,llee@example.org,Prattside,Pitcairn Islands
4957,Michelle Baxter,kevinrandall@example.net,West Ethantown,Monaco
4958,Rachel Lewis,travis84@example.org,Aliciachester,Ethiopia
4959,Luis Brown,theodore98@example.net,Lisaside,Martinique
4960,Randy Aguilar,gomezchristine@example.com,North Darrellmouth,Cuba
4961,Ryan Huffman,stephenbaker@example.org,South Elizabethburgh,Kazakhstan
4962,Colin Williams,michaelking@example.net,Brandihaven,Korea
4963,Scott Shaw III,jessicatyler@example.org,East Emily,Korea
4964,Richard Lewis,wsnyder@example.net,Lake Kristen,Vanuatu
4965,Margaret Walker,chambersjennifer@example.com,Gonzalezstad,Jamaica
4966,Edward Young,emilyalexander@example.net,Guerrerotown,Uzbekistan
4967,Robert Schmidt,hinesbrian@example.org,Amandafurt,France
4968,Miss Maria Singleton,coryharris@example.net,Juanfort,Malawi
4969,Jason Calderon,david80@example.net,New Shanemouth,Armenia
4970,Daniel Gutierrez,isaiah88@example.com,Michellefurt,Northern Mariana Islands
4971,Tiffany Summers,gomezjessica@example.org,Shermanfurt,Mali
4972,Brooke Robinson,uspears@example.com,South Troy,Cayman Islands
4973,Terri Turner,taylorstephanie@example.com,Jamiemouth,Macao
4974,Jordan Jones,pughalbert@example.com,North Tommy,Lao People's Democratic Republic
4975,Teresa Ramsey,robert74@example.com,West Catherineton,Croatia
4976,Christina Shepard,ningram@example.org,Johnsonside,Bhutan
4977,Scott Nolan,belinda51@example.com,West Jessicafurt,Guatemala
4978,Teresa Fields,rhorton@example.org,Frankport,Djibouti
4979,Ashley Cantrell,sheilabowers@example.com,Lake Michaelfort,Honduras
4980,Robert Villarreal,nancyfuller@example.com,Tylerberg,Barbados
4981,Mrs. Valerie Anderson DDS,christina26@example.org,South Rickystad,Lebanon
4982,Jean Howell,weisskristin@example.com,Mckinneyland,Montserrat
4983,Amanda Anderson,pfoster@example.org,South Wayne,French Guiana
4984,Scott Sherman,manderson@example.com,West Craighaven,Martinique
4985,Mark Avila,melissa68@example.com,Angelicaburgh,Ukraine
4986,Paul Ingram,nathan09@example.net,North Lance,Timor-Leste
4987,Nicole Pittman,uanderson@example.net,Deborahberg,Mali
4988,Dr. Alexis Bell,michaelmorales@example.net,New Donnaside,British Indian Ocean Territory (Chagos Archipelago)
4989,Brandon Potter,hubbardmichael@example.com,West Karenburgh,Ireland
4990,Corey White,ahernandez@example.org,South Jamesside,Antarctica (the territory South of 60 deg S)
4991,Ashley Lee,birdheather@example.net,Lake Gary,Uganda
4992,Dan Espinoza,vproctor@example.org,Lowestad,Andorra
4993,Amanda Rosario,gonzalezmichelle@example.com,Amandachester,Germany
4994,Vanessa Ingram,josephjenkins@example.com,West Cindy,Botswana
4995,Angela Pace,jacksonbrent@example.net,Rebeccatown,Marshall Islands
4996,Jeremy Anderson,matthew95@example.net,Lake Stevenhaven,Panama
4997,Tony Christensen,aweaver@example.com,Jasonborough,Italy
4998,Katelyn Higgins,dking@example.net,Hardinbury,Norway
4999,Joseph Frost,kathy00@example.org,West Laura,Tokelau
5000,Joshua Adams,brianjordan@example.net,Port Raymond,Central African Republic
